ID,Name,Age,Salary,Department,Address(USA city),Tax return Amount ($)
1,Jonas,25,35000,HR,"Phoenix, AZ",6878
2,nick,30,42000,IT,"Houston, TX",10728
3,Charlie,28,39000,Finance,"Chicago, IL",9718
4,David,35,52000,IT,"Charlotte, NC",8947
5,Eva,26,36000,HR,"Philadelphia, PA",2918
6,Frank,40,58000,Management,"Chicago, IL",3063
7,Grace,,41000,Finance,"San Francisco, CA",3451
8,Helen,29,39500,IT,"Columbus, OH",7883
9,Ian,33,48000,HR,"Washington, DC",769
10,Julia,27,37000,IT,"San Jose, CA",7119
11,Kevin,31,43000,Sales,"Phoenix, AZ",6147
12,Linda,34,55000,Finance,"Jacksonville, FL",9619
13,Mark,29,39000,IT,"Washington, DC",8755
14,Nancy,,36000,HR,"Los Angeles, CA",5055
15,Oscar,45,870000,Management,"San Antonio, TX",1542
16,Peter,28,41000,Finance,"Phoenix, AZ",5944
17,Queen,23,34000,Sales,"Phoenix, AZ",5503
18,Ron,60,1200000,Management,"Columbus, OH",4688
19,Sara,22,33000,HR,"Fort Worth, TX",9501
20,Tom,31,42000,IT,"Indianapolis, IN",10733
21,Uma,26,36500,Finance,"San Antonio, TX",3588
22,Victor,27,38000,Sales,"Charlotte, NC",2146
23,Wendy,30,40000,HR,"Indianapolis, IN",987
24,Xavier,55,950000,Management,"Jacksonville, FL",3581
25,Yara,29,39500,Finance,"Columbus, OH",2247
26,Zack,32,45000,IT,"San Francisco, CA",9440
27,Jonas,25,35000,HR,"Seattle, WA",1027
28,nick,30,42000,IT,"Philadelphia, PA",1667
29,Charlie,28,39000,Finance,"Philadelphia, PA",5110
30,David,35,52000,IT,"San Francisco, CA",4972
31,Eva,26,36000,HR,"San Jose, CA",8161
32,Frank,40,58000,Management,"Philadelphia, PA",6304
33,Grace,,41000,Finance,"Chicago, IL",983
34,Helen,29,39500,IT,"Chicago, IL",951
35,Ian,33,48000,HR,"Columbus, OH",4569
36,Julia,27,37000,IT,"Austin, TX",6155
37,Kevin,31,43000,Sales,"Houston, TX",7707
38,Linda,34,55000,Finance,"Jacksonville, FL",4897
39,Mark,29,39000,IT,"Los Angeles, CA",6171
40,Nancy,,36000,HR,"Charlotte, NC",3633
41,Oliver,36,50000,IT,"San Antonio, TX",2273
42,Paul,29,38500,Finance,"Chicago, IL",6122
43,Quinn,25,35000,Sales,"Seattle, WA",9690
44,Rachel,30,41000,HR,"Charlotte, NC",7912
45,Steve,32,44000,IT,"New York, NY",2565
46,Tina,27,37500,Finance,"Jacksonville, FL",9089
47,Usha,24,34500,Sales,"New York, NY",6832
48,Varun,37,49500,IT,"San Francisco, CA",8413
49,Will,28,40000,HR,"Columbus, OH",10495
50,Xena,31,43000,Finance,"Philadelphia, PA",10843
51,Yusuf,29,38000,IT,"Washington, DC",2446
52,Zara,26,36000,Sales,"Columbus, OH",3915
53,Amy,25,35000,HR,"Denver, CO",1894
54,Bran,,42000,IT,"San Francisco, CA",2921
55,Clara,28,39000,Finance,"San Diego, CA",4419
56,Duke,35,52000,IT,"Los Angeles, CA",7845
57,Elena,26,36000,HR,"Philadelphia, PA",3583
58,Fahim,40,58000,Management,"Charlotte, NC",8530
59,Gina,,41000,Finance,"Seattle, WA",8620
60,Harry,29,39500,IT,"San Jose, CA",11480
61,Ilham,33,48000,HR,"Seattle, WA",2344
62,Jasmine,27,37000,IT,"Indianapolis, IN",2304
63,Kamran,31,43000,Sales,"Jacksonville, FL",9581
64,Lara,34,55000,Finance,"New York, NY",3003
65,Milo,29,39000,IT,"Columbus, OH",2393
66,Nina,,36000,HR,"San Francisco, CA",2166
67,Olga,36,50000,IT,"Dallas, TX",4844
68,Pari,29,38500,Finance,"Chicago, IL",7091
69,Qadir,25,35000,Sales,"Indianapolis, IN",3565
70,Rima,30,41000,HR,"Indianapolis, IN",5575
71,Sham,32,44000,IT,"New York, NY",3575
72,Tara,27,37500,Finance,"San Francisco, CA",1759
73,Umar,24,34500,Sales,"Columbus, OH",2720
74,Vivi,37,49500,IT,"Seattle, WA",5941
75,Wali,28,40000,HR,"San Francisco, CA",11110
76,Xiya,31,43000,Finance,"Washington, DC",11530
77,Yuri,29,38000,IT,"Denver, CO",11488
78,Zeena,26,36000,Sales,"Seattle, WA",9478
79,Jonas,25,35000,HR,"San Jose, CA",5435
80,nick,30,42000,IT,"Houston, TX",2947
81,Charlie,28,39000,Finance,"Denver, CO",3629
82,David,35,52000,IT,"Columbus, OH",2398
83,Eva,26,36000,HR,"Indianapolis, IN",8197
84,Frank,40,58000,Management,"Fort Worth, TX",7191
85,Grace,,41000,Finance,"Denver, CO",5003
86,Helen,29,39500,IT,"San Antonio, TX",4449
87,Ian,33,48000,HR,"Dallas, TX",11159
88,Julia,27,37000,IT,"Charlotte, NC",8510
89,Kevin,31,43000,Sales,"Columbus, OH",10885
90,Linda,34,55000,Finance,"San Francisco, CA",7939
91,Mark,29,39000,IT,"Denver, CO",516
92,Nancy,,36000,HR,"Columbus, OH",8459
93,Ovi,42,200000,IT,"Phoenix, AZ",6741
94,Puja,38,185000,Finance,"Fort Worth, TX",8406
95,Rafa,41,220000,IT,"Fort Worth, TX",3522
96,Shila,,195000,HR,"Austin, TX",1766
97,Tito,39,250000,Sales,"Seattle, WA",978
98,Usha,24,34500,Sales,"Austin, TX",4796
99,Varun,37,49500,IT,"Dallas, TX",4477
100,Wendy,30,40000,HR,"San Diego, CA",6568
50,Xena,31,43000,Finance,"Phoenix, AZ",4774
61,Ilham,33,48000,HR,"San Antonio, TX",6913
91,Mark,29,39000,IT,"Charlotte, NC",8291
2,nick,30,42000,IT,"Houston, TX",985
51,Yusuf,29,38000,IT,"Chicago, IL",5173
63,Kamran,31,43000,Sales,"Seattle, WA",837
16,Peter,28,41000,Finance,"Seattle, WA",9552
31,Eva,26,36000,HR,"Washington, DC",7400
3,Charlie,28,39000,Finance,"Charlotte, NC",2503
67,Olga,36,50000,IT,"Chicago, IL",1971
41,Oliver,36,50000,IT,"San Diego, CA",7227
33,Grace,,41000,Finance,"San Jose, CA",2542
57,Elena,26,36000,HR,"Dallas, TX",11812
83,Eva,26,36000,HR,"Phoenix, AZ",2019
32,Frank,40,58000,Management,"Indianapolis, IN",6989
96,Shila,,195000,HR,"Indianapolis, IN",9393
48,Varun,37,49500,IT,"Philadelphia, PA",4888
65,Milo,29,39000,IT,"Jacksonville, FL",8356
48,Varun,37,49500,IT,"Charlotte, NC",9865
19,Sara,22,33000,HR,"Philadelphia, PA",2105
56,Duke,35,52000,IT,"New York, NY",6164
74,Vivi,37,49500,IT,"Dallas, TX",7439
2,nick,30,42000,IT,"San Antonio, TX",10571
39,Mark,29,39000,IT,"Philadelphia, PA",5617
32,Frank,40,58000,Management,"Houston, TX",5879
17,Queen,23,34000,Sales,"New York, NY",2624
71,Sham,32,44000,IT,"Washington, DC",5491
44,Rachel,30,41000,HR,"Denver, CO",7294
88,Julia,27,37000,IT,"Philadelphia, PA",1946
25,Yara,29,39500,Finance,"New York, NY",3806
23,Wendy,30,40000,HR,"Dallas, TX",2872
23,Wendy,30,40000,HR,"Charlotte, NC",650
29,Charlie,28,39000,Finance,"San Diego, CA",2159
24,Xavier,55,950000,Management,"Philadelphia, PA",6639
86,Helen,29,39500,IT,"Indianapolis, IN",9570
40,Nancy,,36000,HR,"San Antonio, TX",7699
10,Julia,27,37000,IT,"San Antonio, TX",2819
5,Eva,26,36000,HR,"Dallas, TX",3383
85,Grace,,41000,Finance,"Indianapolis, IN",8303
20,Tom,31,42000,IT,"San Francisco, CA",11107
73,Umar,24,34500,Sales,"Charlotte, NC",2015
37,Kevin,31,43000,Sales,"Fort Worth, TX",1089
23,Wendy,30,40000,HR,"Dallas, TX",1087
87,Ian,33,48000,HR,"Fort Worth, TX",3119
58,Fahim,40,58000,Management,"Phoenix, AZ",5987
53,Amy,25,35000,HR,"San Antonio, TX",6723
55,Clara,28,39000,Finance,"Charlotte, NC",9887
77,Yuri,29,38000,IT,"New York, NY",4853
20,Tom,31,42000,IT,"Dallas, TX",11018
51,Yusuf,29,38000,IT,"San Francisco, CA",3105
46,Tina,27,37500,Finance,"Austin, TX",3038
29,Charlie,28,39000,Finance,"Jacksonville, FL",9257
58,Fahim,40,58000,Management,"Phoenix, AZ",2256
85,Grace,,41000,Finance,"New York, NY",1860
13,Mark,29,39000,IT,"San Diego, CA",11260
11,Kevin,31,43000,Sales,"Chicago, IL",2873
28,nick,30,42000,IT,"Columbus, OH",1695
90,Linda,34,55000,Finance,"Jacksonville, FL",2631
39,Mark,29,39000,IT,"San Diego, CA",8509
92,Nancy,,36000,HR,"Dallas, TX",11580
58,Fahim,40,58000,Management,"Jacksonville, FL",6143
83,Eva,26,36000,HR,"Seattle, WA",10259
60,Harry,29,39500,IT,"Austin, TX",3910
23,Wendy,30,40000,HR,"Houston, TX",2867
26,Zack,32,45000,IT,"San Francisco, CA",3843
53,Amy,25,35000,HR,"Columbus, OH",7781
65,Milo,29,39000,IT,"Washington, DC",3597
75,Wali,28,40000,HR,"Los Angeles, CA",9952
89,Kevin,31,43000,Sales,"San Francisco, CA",1833
31,Eva,26,36000,HR,"Denver, CO",7665
96,Shila,,195000,HR,"San Antonio, TX",3836
50,Xena,31,43000,Finance,"San Antonio, TX",8657
5,Eva,26,36000,HR,"Denver, CO",3584
9,Ian,33,48000,HR,"Philadelphia, PA",3887
98,Usha,24,34500,Sales,"Philadelphia, PA",5213
25,Yara,29,39500,Finance,"New York, NY",8305
35,Ian,33,48000,HR,"Seattle, WA",5601
93,Ovi,42,200000,IT,"New York, NY",2931
12,Linda,34,55000,Finance,"Chicago, IL",1516
20,Tom,31,42000,IT,"Seattle, WA",1141
86,Helen,29,39500,IT,"Philadelphia, PA",4562
94,Puja,38,185000,Finance,"New York, NY",9007
38,Linda,34,55000,Finance,"Los Angeles, CA",10995
65,Milo,29,39000,IT,"Phoenix, AZ",940
60,Harry,29,39500,IT,"Austin, TX",1638
35,Ian,33,48000,HR,"Indianapolis, IN",9606
56,Duke,35,52000,IT,"Seattle, WA",5743
1,Jonas,25,35000,HR,"Philadelphia, PA",2803
67,Olga,36,50000,IT,"New York, NY",6450
95,Rafa,41,220000,IT,"Jacksonville, FL",7546
13,Mark,29,39000,IT,"Chicago, IL",7106
19,Sara,22,33000,HR,"Indianapolis, IN",3921
80,nick,30,42000,IT,"Indianapolis, IN",2578
86,Helen,29,39500,IT,"Chicago, IL",6603
50,Xena,31,43000,Finance,"San Antonio, TX",4650
18,Ron,60,1200000,Management,"San Antonio, TX",2700
6,Frank,40,58000,Management,"Houston, TX",5051
19,Sara,22,33000,HR,"Austin, TX",6929
41,Oliver,36,50000,IT,"Columbus, OH",8727
28,nick,30,42000,IT,"Phoenix, AZ",9509
39,Mark,29,39000,IT,"Seattle, WA",2446
75,Wali,28,40000,HR,"Chicago, IL",4456
57,Elena,26,36000,HR,"Fort Worth, TX",2725
46,Tina,27,37500,Finance,"Chicago, IL",8215
49,Will,28,40000,HR,"Austin, TX",3825
64,Lara,34,55000,Finance,"Los Angeles, CA",9199
39,Mark,29,39000,IT,"Austin, TX",4245
79,Jonas,25,35000,HR,"Philadelphia, PA",8660
25,Yara,29,39500,Finance,"Jacksonville, FL",5314
20,Tom,31,42000,IT,"New York, NY",9151
15,Oscar,45,870000,Management,"Denver, CO",6603
51,Yusuf,29,38000,IT,"Columbus, OH",1905
62,Jasmine,27,37000,IT,"San Jose, CA",6590
56,Duke,35,52000,IT,"Philadelphia, PA",7787
27,Jonas,25,35000,HR,"Indianapolis, IN",2536
96,Shila,,195000,HR,"Denver, CO",6534
9,Ian,33,48000,HR,"Charlotte, NC",3177
88,Julia,27,37000,IT,"Columbus, OH",6644
24,Xavier,55,950000,Management,"Phoenix, AZ",2244
92,Nancy,,36000,HR,"Seattle, WA",11675
56,Duke,35,52000,IT,"Columbus, OH",11050
12,Linda,34,55000,Finance,"Denver, CO",9923
79,Jonas,25,35000,HR,"Houston, TX",1677
22,Victor,27,38000,Sales,"Los Angeles, CA",1261
24,Xavier,55,950000,Management,"Washington, DC",5278
44,Rachel,30,41000,HR,"San Francisco, CA",6958
69,Qadir,25,35000,Sales,"Dallas, TX",11046
57,Elena,26,36000,HR,"Fort Worth, TX",6123
100,Wendy,30,40000,HR,"Columbus, OH",5214
68,Pari,29,38500,Finance,"Fort Worth, TX",4226
87,Ian,33,48000,HR,"New York, NY",10235
11,Kevin,31,43000,Sales,"Washington, DC",2433
11,Kevin,31,43000,Sales,"Phoenix, AZ",11860
58,Fahim,40,58000,Management,"Washington, DC",4061
4,David,35,52000,IT,"Chicago, IL",7679
35,Ian,33,48000,HR,"Jacksonville, FL",4944
69,Qadir,25,35000,Sales,"New York, NY",3464
46,Tina,27,37500,Finance,"San Diego, CA",9722
51,Yusuf,29,38000,IT,"Los Angeles, CA",11239
88,Julia,27,37000,IT,"Denver, CO",11214
2,nick,30,42000,IT,"Los Angeles, CA",10567
36,Julia,27,37000,IT,"San Francisco, CA",7724
68,Pari,29,38500,Finance,"Chicago, IL",9281
48,Varun,37,49500,IT,"San Jose, CA",10972
59,Gina,,41000,Finance,"San Francisco, CA",3601
77,Yuri,29,38000,IT,"Jacksonville, FL",11106
73,Umar,24,34500,Sales,"New York, NY",4397
20,Tom,31,42000,IT,"Indianapolis, IN",4178
30,David,35,52000,IT,"Washington, DC",2343
42,Paul,29,38500,Finance,"San Jose, CA",2438
69,Qadir,25,35000,Sales,"Indianapolis, IN",10886
76,Xiya,31,43000,Finance,"San Jose, CA",8944
55,Clara,28,39000,Finance,"San Antonio, TX",8366
19,Sara,22,33000,HR,"Washington, DC",7583
2,nick,30,42000,IT,"Philadelphia, PA",5872
44,Rachel,30,41000,HR,"Los Angeles, CA",1966
4,David,35,52000,IT,"Indianapolis, IN",1235
19,Sara,22,33000,HR,"San Diego, CA",839
63,Kamran,31,43000,Sales,"San Francisco, CA",1876
91,Mark,29,39000,IT,"Indianapolis, IN",5219
45,Steve,32,44000,IT,"Houston, TX",1204
42,Paul,29,38500,Finance,"Jacksonville, FL",4224
53,Amy,25,35000,HR,"Dallas, TX",8689
75,Wali,28,40000,HR,"Phoenix, AZ",4918
27,Jonas,25,35000,HR,"San Jose, CA",5759
82,David,35,52000,IT,"Dallas, TX",11600
78,Zeena,26,36000,Sales,"Houston, TX",10666
80,nick,30,42000,IT,"Columbus, OH",10160
47,Usha,24,34500,Sales,"Denver, CO",10834
73,Umar,24,34500,Sales,"Chicago, IL",1052
56,Duke,35,52000,IT,"Washington, DC",3991
93,Ovi,42,200000,IT,"Dallas, TX",1289
68,Pari,29,38500,Finance,"San Francisco, CA",1673
21,Uma,26,36500,Finance,"Indianapolis, IN",1052
34,Helen,29,39500,IT,"Charlotte, NC",3922
18,Ron,60,1200000,Management,"Columbus, OH",4711
27,Jonas,25,35000,HR,"San Jose, CA",9323
37,Kevin,31,43000,Sales,"San Francisco, CA",769
17,Queen,23,34000,Sales,"San Francisco, CA",1360
5,Eva,26,36000,HR,"Fort Worth, TX",790
63,Kamran,31,43000,Sales,"Houston, TX",10149
97,Tito,39,250000,Sales,"San Francisco, CA",6370
61,Ilham,33,48000,HR,"Indianapolis, IN",1129
15,Oscar,45,870000,Management,"Denver, CO",7507
82,David,35,52000,IT,"San Diego, CA",6443
31,Eva,26,36000,HR,"San Jose, CA",974
2,nick,30,42000,IT,"Fort Worth, TX",5132
71,Sham,32,44000,IT,"San Jose, CA",4580
95,Rafa,41,220000,IT,"Columbus, OH",2260
100,Wendy,30,40000,HR,"San Antonio, TX",11774
40,Nancy,,36000,HR,"Phoenix, AZ",5208
17,Queen,23,34000,Sales,"Jacksonville, FL",7420
9,Ian,33,48000,HR,"Charlotte, NC",3898
67,Olga,36,50000,IT,"Charlotte, NC",11015
94,Puja,38,185000,Finance,"Washington, DC",4061
61,Ilham,33,48000,HR,"Austin, TX",11084
19,Sara,22,33000,HR,"Austin, TX",4344
20,Tom,31,42000,IT,"Houston, TX",11107
48,Varun,37,49500,IT,"Seattle, WA",4304
3,Charlie,28,39000,Finance,"Phoenix, AZ",10316
32,Frank,40,58000,Management,"Seattle, WA",2008
65,Milo,29,39000,IT,"Phoenix, AZ",4610
85,Grace,,41000,Finance,"San Antonio, TX",5353
96,Shila,,195000,HR,"San Diego, CA",7331
81,Charlie,28,39000,Finance,"Chicago, IL",8695
5,Eva,26,36000,HR,"Philadelphia, PA",3947
37,Kevin,31,43000,Sales,"Jacksonville, FL",6084
4,David,35,52000,IT,"Austin, TX",11272
68,Pari,29,38500,Finance,"Washington, DC",4291
33,Grace,,41000,Finance,"Jacksonville, FL",5581
89,Kevin,31,43000,Sales,"New York, NY",9852
55,Clara,28,39000,Finance,"Jacksonville, FL",1333
29,Charlie,28,39000,Finance,"San Francisco, CA",10690
49,Will,28,40000,HR,"Fort Worth, TX",5835
97,Tito,39,250000,Sales,"Phoenix, AZ",5987
64,Lara,34,55000,Finance,"Washington, DC",6760
32,Frank,40,58000,Management,"Houston, TX",9894
58,Fahim,40,58000,Management,"San Antonio, TX",2675
100,Wendy,30,40000,HR,"New York, NY",10073
12,Linda,34,55000,Finance,"Columbus, OH",4673
57,Elena,26,36000,HR,"New York, NY",3288
13,Mark,29,39000,IT,"Dallas, TX",7960
71,Sham,32,44000,IT,"San Francisco, CA",11513
36,Julia,27,37000,IT,"San Francisco, CA",9033
51,Yusuf,29,38000,IT,"Washington, DC",10053
78,Zeena,26,36000,Sales,"San Jose, CA",7221
48,Varun,37,49500,IT,"San Diego, CA",4691
55,Clara,28,39000,Finance,"San Antonio, TX",7812
31,Eva,26,36000,HR,"Jacksonville, FL",8687
83,Eva,26,36000,HR,"San Diego, CA",5116
71,Sham,32,44000,IT,"Phoenix, AZ",1495
92,Nancy,,36000,HR,"San Diego, CA",856
69,Qadir,25,35000,Sales,"Seattle, WA",8877
65,Milo,29,39000,IT,"New York, NY",2193
79,Jonas,25,35000,HR,"Dallas, TX",3090
63,Kamran,31,43000,Sales,"New York, NY",10034
38,Linda,34,55000,Finance,"Washington, DC",8421
61,Ilham,33,48000,HR,"Charlotte, NC",2191
14,Nancy,,36000,HR,"Dallas, TX",9774
48,Varun,37,49500,IT,"San Francisco, CA",2557
38,Linda,34,55000,Finance,"Denver, CO",3404
98,Usha,24,34500,Sales,"Washington, DC",11887
64,Lara,34,55000,Finance,"San Jose, CA",4951
21,Uma,26,36500,Finance,"Washington, DC",7437
72,Tara,27,37500,Finance,"Columbus, OH",2880
57,Elena,26,36000,HR,"Fort Worth, TX",8708
29,Charlie,28,39000,Finance,"Denver, CO",9015
71,Sham,32,44000,IT,"Jacksonville, FL",2570
36,Julia,27,37000,IT,"San Antonio, TX",1430
43,Quinn,25,35000,Sales,"Seattle, WA",1944
97,Tito,39,250000,Sales,"Charlotte, NC",9094
30,David,35,52000,IT,"Philadelphia, PA",3902
80,nick,30,42000,IT,"Denver, CO",5052
72,Tara,27,37500,Finance,"San Jose, CA",10198
38,Linda,34,55000,Finance,"Denver, CO",2021
19,Sara,22,33000,HR,"Washington, DC",3598
6,Frank,40,58000,Management,"Philadelphia, PA",11136
11,Kevin,31,43000,Sales,"San Francisco, CA",8620
81,Charlie,28,39000,Finance,"San Diego, CA",7855
33,Grace,,41000,Finance,"Philadelphia, PA",2687
29,Charlie,28,39000,Finance,"Austin, TX",3068
44,Rachel,30,41000,HR,"San Francisco, CA",11485
28,nick,30,42000,IT,"Dallas, TX",8783
31,Eva,26,36000,HR,"Charlotte, NC",5447
98,Usha,24,34500,Sales,"Houston, TX",5440
82,David,35,52000,IT,"Indianapolis, IN",5262
39,Mark,29,39000,IT,"Philadelphia, PA",2253
25,Yara,29,39500,Finance,"Denver, CO",5554
49,Will,28,40000,HR,"Houston, TX",5392
42,Paul,29,38500,Finance,"San Diego, CA",6281
50,Xena,31,43000,Finance,"Charlotte, NC",587
32,Frank,40,58000,Management,"Washington, DC",2141
56,Duke,35,52000,IT,"Austin, TX",3462
52,Zara,26,36000,Sales,"Phoenix, AZ",5913
85,Grace,,41000,Finance,"Seattle, WA",10834
73,Umar,24,34500,Sales,"New York, NY",7920
25,Yara,29,39500,Finance,"Seattle, WA",9242
87,Ian,33,48000,HR,"Charlotte, NC",11138
55,Clara,28,39000,Finance,"Los Angeles, CA",7410
88,Julia,27,37000,IT,"Charlotte, NC",5673
15,Oscar,45,870000,Management,"Indianapolis, IN",10643
12,Linda,34,55000,Finance,"Philadelphia, PA",10982
91,Mark,29,39000,IT,"Jacksonville, FL",5729
40,Nancy,,36000,HR,"Denver, CO",9315
21,Uma,26,36500,Finance,"Jacksonville, FL",4257
25,Yara,29,39500,Finance,"Dallas, TX",5296
94,Puja,38,185000,Finance,"Washington, DC",3792
38,Linda,34,55000,Finance,"Indianapolis, IN",4332
16,Peter,28,41000,Finance,"Philadelphia, PA",3111
4,David,35,52000,IT,"San Antonio, TX",8853
8,Helen,29,39500,IT,"Jacksonville, FL",10684
48,Varun,37,49500,IT,"Los Angeles, CA",10774
62,Jasmine,27,37000,IT,"San Francisco, CA",11705
41,Oliver,36,50000,IT,"San Antonio, TX",8728
97,Tito,39,250000,Sales,"Columbus, OH",9537
47,Usha,24,34500,Sales,"Phoenix, AZ",11568
61,Ilham,33,48000,HR,"Phoenix, AZ",7266
19,Sara,22,33000,HR,"San Diego, CA",8037
80,nick,30,42000,IT,"Fort Worth, TX",5796
34,Helen,29,39500,IT,"Chicago, IL",3846
13,Mark,29,39000,IT,"Austin, TX",4554
88,Julia,27,37000,IT,"San Diego, CA",4700
89,Kevin,31,43000,Sales,"Austin, TX",9027
92,Nancy,,36000,HR,"San Francisco, CA",11789
44,Rachel,30,41000,HR,"Phoenix, AZ",11035
23,Wendy,30,40000,HR,"New York, NY",2060
49,Will,28,40000,HR,"San Francisco, CA",8022
50,Xena,31,43000,Finance,"San Diego, CA",4664
19,Sara,22,33000,HR,"Houston, TX",7220
89,Kevin,31,43000,Sales,"Phoenix, AZ",9353
85,Grace,,41000,Finance,"Houston, TX",5939
41,Oliver,36,50000,IT,"Indianapolis, IN",5352
63,Kamran,31,43000,Sales,"Austin, TX",7095
81,Charlie,28,39000,Finance,"Philadelphia, PA",7213
33,Grace,,41000,Finance,"Charlotte, NC",3683
15,Oscar,45,870000,Management,"Columbus, OH",10177
7,Grace,,41000,Finance,"Dallas, TX",8532
36,Julia,27,37000,IT,"San Diego, CA",2909
67,Olga,36,50000,IT,"San Francisco, CA",4798
92,Nancy,,36000,HR,"San Diego, CA",3034
60,Harry,29,39500,IT,"San Diego, CA",6099
80,nick,30,42000,IT,"Los Angeles, CA",503
56,Duke,35,52000,IT,"San Antonio, TX",11789
11,Kevin,31,43000,Sales,"San Diego, CA",11540
29,Charlie,28,39000,Finance,"San Antonio, TX",526
46,Tina,27,37500,Finance,"Dallas, TX",5661
32,Frank,40,58000,Management,"Columbus, OH",1464
12,Linda,34,55000,Finance,"New York, NY",6707
21,Uma,26,36500,Finance,"Denver, CO",3596
97,Tito,39,250000,Sales,"Los Angeles, CA",571
56,Duke,35,52000,IT,"Fort Worth, TX",6101
8,Helen,29,39500,IT,"Chicago, IL",3447
30,David,35,52000,IT,"Denver, CO",11007
25,Yara,29,39500,Finance,"Denver, CO",6738
49,Will,28,40000,HR,"Washington, DC",4990
64,Lara,34,55000,Finance,"Seattle, WA",2911
57,Elena,26,36000,HR,"Charlotte, NC",8808
86,Helen,29,39500,IT,"Austin, TX",10903
63,Kamran,31,43000,Sales,"Denver, CO",3424
77,Yuri,29,38000,IT,"Fort Worth, TX",3337
46,Tina,27,37500,Finance,"Fort Worth, TX",1076
52,Zara,26,36000,Sales,"San Jose, CA",9463
35,Ian,33,48000,HR,"Austin, TX",8407
95,Rafa,41,220000,IT,"Dallas, TX",8891
94,Puja,38,185000,Finance,"San Francisco, CA",2255
100,Wendy,30,40000,HR,"Los Angeles, CA",8871
85,Grace,,41000,Finance,"San Francisco, CA",2905
59,Gina,,41000,Finance,"San Antonio, TX",7383
81,Charlie,28,39000,Finance,"Columbus, OH",8663
19,Sara,22,33000,HR,"Indianapolis, IN",6639
43,Quinn,25,35000,Sales,"Charlotte, NC",10993
77,Yuri,29,38000,IT,"Denver, CO",3488
75,Wali,28,40000,HR,"San Francisco, CA",6284
32,Frank,40,58000,Management,"Chicago, IL",10294
36,Julia,27,37000,IT,"Seattle, WA",1619
86,Helen,29,39500,IT,"Washington, DC",2714
24,Xavier,55,950000,Management,"Fort Worth, TX",8500
88,Julia,27,37000,IT,"San Diego, CA",8565
5,Eva,26,36000,HR,"Fort Worth, TX",10603
4,David,35,52000,IT,"Dallas, TX",3401
94,Puja,38,185000,Finance,"Washington, DC",1585
15,Oscar,45,870000,Management,"San Jose, CA",673
62,Jasmine,27,37000,IT,"Indianapolis, IN",4032
87,Ian,33,48000,HR,"Dallas, TX",1738
91,Mark,29,39000,IT,"Dallas, TX",5334
32,Frank,40,58000,Management,"San Diego, CA",4313
69,Qadir,25,35000,Sales,"Chicago, IL",7584
5,Eva,26,36000,HR,"San Antonio, TX",8512
2,nick,30,42000,IT,"Philadelphia, PA",2473
62,Jasmine,27,37000,IT,"Denver, CO",4282
49,Will,28,40000,HR,"Indianapolis, IN",2744
75,Wali,28,40000,HR,"Los Angeles, CA",10349
67,Olga,36,50000,IT,"Columbus, OH",9104
11,Kevin,31,43000,Sales,"San Diego, CA",7721
95,Rafa,41,220000,IT,"Philadelphia, PA",8314
66,Nina,,36000,HR,"Indianapolis, IN",1882
62,Jasmine,27,37000,IT,"Fort Worth, TX",1623
39,Mark,29,39000,IT,"Seattle, WA",5681
73,Umar,24,34500,Sales,"San Jose, CA",4512
28,nick,30,42000,IT,"San Francisco, CA",2743
74,Vivi,37,49500,IT,"Denver, CO",3089
8,Helen,29,39500,IT,"Chicago, IL",10470
53,Amy,25,35000,HR,"Chicago, IL",1629
66,Nina,,36000,HR,"Austin, TX",9336
22,Victor,27,38000,Sales,"Philadelphia, PA",10249
84,Frank,40,58000,Management,"Phoenix, AZ",6799
40,Nancy,,36000,HR,"San Jose, CA",5001
95,Rafa,41,220000,IT,"San Jose, CA",7539
55,Clara,28,39000,Finance,"Houston, TX",3273
97,Tito,39,250000,Sales,"Indianapolis, IN",3285
100,Wendy,30,40000,HR,"Chicago, IL",7440
44,Rachel,30,41000,HR,"San Diego, CA",2206
2,nick,30,42000,IT,"Seattle, WA",3101
45,Steve,32,44000,IT,"Columbus, OH",9066
42,Paul,29,38500,Finance,"Houston, TX",2112
3,Charlie,28,39000,Finance,"Los Angeles, CA",954
39,Mark,29,39000,IT,"Philadelphia, PA",4797
27,Jonas,25,35000,HR,"Phoenix, AZ",1975
51,Yusuf,29,38000,IT,"Washington, DC",9545
28,nick,30,42000,IT,"Seattle, WA",9415
93,Ovi,42,200000,IT,"Washington, DC",1891
70,Rima,30,41000,HR,"Austin, TX",11079
87,Ian,33,48000,HR,"Denver, CO",8953
97,Tito,39,250000,Sales,"Fort Worth, TX",8508
43,Quinn,25,35000,Sales,"Denver, CO",9234
51,Yusuf,29,38000,IT,"Phoenix, AZ",9242
59,Gina,,41000,Finance,"Columbus, OH",5925
27,Jonas,25,35000,HR,"Houston, TX",1137
71,Sham,32,44000,IT,"Austin, TX",8856
60,Harry,29,39500,IT,"Dallas, TX",3305
26,Zack,32,45000,IT,"Houston, TX",9312
7,Grace,,41000,Finance,"Phoenix, AZ",1723
38,Linda,34,55000,Finance,"Jacksonville, FL",3842
61,Ilham,33,48000,HR,"San Francisco, CA",8742
77,Yuri,29,38000,IT,"Phoenix, AZ",988
21,Uma,26,36500,Finance,"Houston, TX",5642
11,Kevin,31,43000,Sales,"Washington, DC",9356
64,Lara,34,55000,Finance,"Washington, DC",1746
4,David,35,52000,IT,"San Antonio, TX",6561
1,Jonas,25,35000,HR,"San Antonio, TX",3210
93,Ovi,42,200000,IT,"Fort Worth, TX",4861
54,Bran,,42000,IT,"Denver, CO",4452
65,Milo,29,39000,IT,"Philadelphia, PA",11283
77,Yuri,29,38000,IT,"Houston, TX",1380
72,Tara,27,37500,Finance,"Columbus, OH",934
74,Vivi,37,49500,IT,"Austin, TX",6624
3,Charlie,28,39000,Finance,"Chicago, IL",8604
74,Vivi,37,49500,IT,"Chicago, IL",5684
15,Oscar,45,870000,Management,"Columbus, OH",2484
92,Nancy,,36000,HR,"San Antonio, TX",11314
14,Nancy,,36000,HR,"San Jose, CA",10484
94,Puja,38,185000,Finance,"Philadelphia, PA",3298
91,Mark,29,39000,IT,"Charlotte, NC",8103
88,Julia,27,37000,IT,"San Diego, CA",1993
89,Kevin,31,43000,Sales,"San Francisco, CA",3179
55,Clara,28,39000,Finance,"New York, NY",2125
54,Bran,,42000,IT,"Los Angeles, CA",11111
87,Ian,33,48000,HR,"Austin, TX",3517
100,Wendy,30,40000,HR,"Houston, TX",2347
88,Julia,27,37000,IT,"Los Angeles, CA",3746
50,Xena,31,43000,Finance,"San Diego, CA",10230
89,Kevin,31,43000,Sales,"Fort Worth, TX",1816
64,Lara,34,55000,Finance,"Houston, TX",10411
73,Umar,24,34500,Sales,"San Diego, CA",2450
37,Kevin,31,43000,Sales,"Philadelphia, PA",723
34,Helen,29,39500,IT,"Seattle, WA",2526
82,David,35,52000,IT,"Fort Worth, TX",2047
32,Frank,40,58000,Management,"Dallas, TX",4278
16,Peter,28,41000,Finance,"Los Angeles, CA",7011
7,Grace,,41000,Finance,"Phoenix, AZ",6285
3,Charlie,28,39000,Finance,"Denver, CO",8257
39,Mark,29,39000,IT,"San Francisco, CA",4223
16,Peter,28,41000,Finance,"Indianapolis, IN",2023
32,Frank,40,58000,Management,"Denver, CO",11395
4,David,35,52000,IT,"Philadelphia, PA",2472
76,Xiya,31,43000,Finance,"Jacksonville, FL",5104
2,nick,30,42000,IT,"Houston, TX",1116
64,Lara,34,55000,Finance,"Austin, TX",5015
65,Milo,29,39000,IT,"Dallas, TX",5691
82,David,35,52000,IT,"Philadelphia, PA",6274
83,Eva,26,36000,HR,"Los Angeles, CA",3121
87,Ian,33,48000,HR,"Indianapolis, IN",2593
96,Shila,,195000,HR,"Columbus, OH",10456
16,Peter,28,41000,Finance,"Chicago, IL",3676
90,Linda,34,55000,Finance,"Phoenix, AZ",9824
4,David,35,52000,IT,"Philadelphia, PA",7984
16,Peter,28,41000,Finance,"Philadelphia, PA",4070
97,Tito,39,250000,Sales,"Seattle, WA",1566
4,David,35,52000,IT,"Chicago, IL",2646
85,Grace,,41000,Finance,"Charlotte, NC",1205
81,Charlie,28,39000,Finance,"Los Angeles, CA",2858
78,Zeena,26,36000,Sales,"San Diego, CA",4034
74,Vivi,37,49500,IT,"Indianapolis, IN",4312
53,Amy,25,35000,HR,"San Antonio, TX",11162
40,Nancy,,36000,HR,"Chicago, IL",4268
74,Vivi,37,49500,IT,"Charlotte, NC",10626
31,Eva,26,36000,HR,"Los Angeles, CA",6478
86,Helen,29,39500,IT,"San Diego, CA",2819
37,Kevin,31,43000,Sales,"Philadelphia, PA",11564
71,Sham,32,44000,IT,"Chicago, IL",8663
45,Steve,32,44000,IT,"Indianapolis, IN",5721
12,Linda,34,55000,Finance,"San Diego, CA",709
48,Varun,37,49500,IT,"Denver, CO",5334
36,Julia,27,37000,IT,"Austin, TX",3307
25,Yara,29,39500,Finance,"Phoenix, AZ",4462
95,Rafa,41,220000,IT,"Chicago, IL",10645
58,Fahim,40,58000,Management,"San Antonio, TX",2890
86,Helen,29,39500,IT,"Los Angeles, CA",6019
63,Kamran,31,43000,Sales,"New York, NY",5294
27,Jonas,25,35000,HR,"Jacksonville, FL",11906
98,Usha,24,34500,Sales,"San Antonio, TX",2944
53,Amy,25,35000,HR,"Phoenix, AZ",11275
88,Julia,27,37000,IT,"Austin, TX",8832
6,Frank,40,58000,Management,"Dallas, TX",8983
17,Queen,23,34000,Sales,"Dallas, TX",3364
29,Charlie,28,39000,Finance,"Houston, TX",4677
71,Sham,32,44000,IT,"San Jose, CA",3107
14,Nancy,,36000,HR,"Seattle, WA",4436
67,Olga,36,50000,IT,"Washington, DC",3417
44,Rachel,30,41000,HR,"Seattle, WA",2718
50,Xena,31,43000,Finance,"Phoenix, AZ",2297
85,Grace,,41000,Finance,"Philadelphia, PA",9668
18,Ron,60,1200000,Management,"Indianapolis, IN",9271
13,Mark,29,39000,IT,"Seattle, WA",3073
66,Nina,,36000,HR,"Philadelphia, PA",3089
42,Paul,29,38500,Finance,"Indianapolis, IN",3783
78,Zeena,26,36000,Sales,"Philadelphia, PA",10491
87,Ian,33,48000,HR,"San Antonio, TX",1961
82,David,35,52000,IT,"Jacksonville, FL",4917
76,Xiya,31,43000,Finance,"Washington, DC",11639
56,Duke,35,52000,IT,"Fort Worth, TX",1213
90,Linda,34,55000,Finance,"Chicago, IL",2923
41,Oliver,36,50000,IT,"San Diego, CA",7720
3,Charlie,28,39000,Finance,"Phoenix, AZ",2390
5,Eva,26,36000,HR,"New York, NY",4067
98,Usha,24,34500,Sales,"San Diego, CA",5875
39,Mark,29,39000,IT,"Denver, CO",10370
63,Kamran,31,43000,Sales,"San Jose, CA",2647
99,Varun,37,49500,IT,"Houston, TX",9609
21,Uma,26,36500,Finance,"Chicago, IL",10958
87,Ian,33,48000,HR,"San Jose, CA",11216
6,Frank,40,58000,Management,"Chicago, IL",2306
48,Varun,37,49500,IT,"Fort Worth, TX",4551
76,Xiya,31,43000,Finance,"Indianapolis, IN",9251
63,Kamran,31,43000,Sales,"New York, NY",9320
24,Xavier,55,950000,Management,"Denver, CO",11758
45,Steve,32,44000,IT,"San Antonio, TX",10603
90,Linda,34,55000,Finance,"San Diego, CA",4262
8,Helen,29,39500,IT,"San Diego, CA",10500
37,Kevin,31,43000,Sales,"Phoenix, AZ",11078
50,Xena,31,43000,Finance,"San Francisco, CA",10587
62,Jasmine,27,37000,IT,"San Antonio, TX",9698
29,Charlie,28,39000,Finance,"Phoenix, AZ",8740
97,Tito,39,250000,Sales,"Columbus, OH",10542
38,Linda,34,55000,Finance,"Indianapolis, IN",10621
58,Fahim,40,58000,Management,"San Antonio, TX",7410
93,Ovi,42,200000,IT,"Phoenix, AZ",6673
87,Ian,33,48000,HR,"New York, NY",2632
49,Will,28,40000,HR,"Jacksonville, FL",7432
65,Milo,29,39000,IT,"Dallas, TX",2025
35,Ian,33,48000,HR,"Seattle, WA",828
89,Kevin,31,43000,Sales,"Los Angeles, CA",3157
61,Ilham,33,48000,HR,"Fort Worth, TX",9279
91,Mark,29,39000,IT,"Chicago, IL",6472
11,Kevin,31,43000,Sales,"San Francisco, CA",5868
42,Paul,29,38500,Finance,"Austin, TX",6471
67,Olga,36,50000,IT,"San Antonio, TX",3705
39,Mark,29,39000,IT,"Houston, TX",7333
56,Duke,35,52000,IT,"Austin, TX",6641
59,Gina,,41000,Finance,"Los Angeles, CA",8032
18,Ron,60,1200000,Management,"Jacksonville, FL",8407
26,Zack,32,45000,IT,"Chicago, IL",2098
32,Frank,40,58000,Management,"Charlotte, NC",4351
76,Xiya,31,43000,Finance,"San Francisco, CA",11164
2,nick,30,42000,IT,"New York, NY",8082
33,Grace,,41000,Finance,"Dallas, TX",11509
44,Rachel,30,41000,HR,"Houston, TX",8323
79,Jonas,25,35000,HR,"Philadelphia, PA",5107
35,Ian,33,48000,HR,"Fort Worth, TX",10100
62,Jasmine,27,37000,IT,"Los Angeles, CA",6007
4,David,35,52000,IT,"Indianapolis, IN",6434
27,Jonas,25,35000,HR,"Indianapolis, IN",9703
84,Frank,40,58000,Management,"San Jose, CA",6068
96,Shila,,195000,HR,"Chicago, IL",5159
44,Rachel,30,41000,HR,"Phoenix, AZ",4898
55,Clara,28,39000,Finance,"San Diego, CA",6742
31,Eva,26,36000,HR,"Dallas, TX",10021
25,Yara,29,39500,Finance,"Houston, TX",11296
55,Clara,28,39000,Finance,"Denver, CO",7111
27,Jonas,25,35000,HR,"Houston, TX",7212
16,Peter,28,41000,Finance,"Jacksonville, FL",2523
45,Steve,32,44000,IT,"San Antonio, TX",6676
66,Nina,,36000,HR,"Austin, TX",5007
65,Milo,29,39000,IT,"San Francisco, CA",3685
78,Zeena,26,36000,Sales,"New York, NY",8223
46,Tina,27,37500,Finance,"San Diego, CA",11285
51,Yusuf,29,38000,IT,"Houston, TX",695
68,Pari,29,38500,Finance,"San Antonio, TX",10482
47,Usha,24,34500,Sales,"Dallas, TX",1606
24,Xavier,55,950000,Management,"San Antonio, TX",3289
53,Amy,25,35000,HR,"Charlotte, NC",10876
89,Kevin,31,43000,Sales,"Phoenix, AZ",9230
91,Mark,29,39000,IT,"Columbus, OH",5284
25,Yara,29,39500,Finance,"San Francisco, CA",1218
9,Ian,33,48000,HR,"Los Angeles, CA",7576
17,Queen,23,34000,Sales,"San Diego, CA",4495
43,Quinn,25,35000,Sales,"Phoenix, AZ",805
4,David,35,52000,IT,"San Diego, CA",5930
93,Ovi,42,200000,IT,"New York, NY",9079
71,Sham,32,44000,IT,"San Jose, CA",9416
25,Yara,29,39500,Finance,"Austin, TX",8686
68,Pari,29,38500,Finance,"Los Angeles, CA",3096
17,Queen,23,34000,Sales,"Phoenix, AZ",2935
100,Wendy,30,40000,HR,"Charlotte, NC",11032
35,Ian,33,48000,HR,"Phoenix, AZ",8870
74,Vivi,37,49500,IT,"Indianapolis, IN",2403
22,Victor,27,38000,Sales,"Columbus, OH",10396
24,Xavier,55,950000,Management,"San Antonio, TX",3883
1,Jonas,25,35000,HR,"Indianapolis, IN",4675
86,Helen,29,39500,IT,"Columbus, OH",7681
13,Mark,29,39000,IT,"San Jose, CA",5042
35,Ian,33,48000,HR,"Chicago, IL",5991
42,Paul,29,38500,Finance,"San Antonio, TX",8787
79,Jonas,25,35000,HR,"Houston, TX",1783
49,Will,28,40000,HR,"Seattle, WA",747
34,Helen,29,39500,IT,"Fort Worth, TX",7142
35,Ian,33,48000,HR,"Chicago, IL",1481
93,Ovi,42,200000,IT,"Charlotte, NC",4863
57,Elena,26,36000,HR,"San Antonio, TX",2065
43,Quinn,25,35000,Sales,"Phoenix, AZ",2641
19,Sara,22,33000,HR,"San Jose, CA",1235
85,Grace,,41000,Finance,"Jacksonville, FL",11351
81,Charlie,28,39000,Finance,"Seattle, WA",948
30,David,35,52000,IT,"Fort Worth, TX",8034
23,Wendy,30,40000,HR,"New York, NY",2335
76,Xiya,31,43000,Finance,"Chicago, IL",5215
71,Sham,32,44000,IT,"Jacksonville, FL",1113
38,Linda,34,55000,Finance,"San Diego, CA",10125
3,Charlie,28,39000,Finance,"Houston, TX",6734
32,Frank,40,58000,Management,"Washington, DC",6128
18,Ron,60,1200000,Management,"Dallas, TX",1376
46,Tina,27,37500,Finance,"Los Angeles, CA",11267
68,Pari,29,38500,Finance,"San Antonio, TX",9825
46,Tina,27,37500,Finance,"Philadelphia, PA",1171
100,Wendy,30,40000,HR,"Austin, TX",2130
6,Frank,40,58000,Management,"Los Angeles, CA",7939
49,Will,28,40000,HR,"Houston, TX",860
15,Oscar,45,870000,Management,"New York, NY",7873
64,Lara,34,55000,Finance,"San Antonio, TX",11084
99,Varun,37,49500,IT,"Chicago, IL",4401
88,Julia,27,37000,IT,"Houston, TX",1297
64,Lara,34,55000,Finance,"Denver, CO",2283
73,Umar,24,34500,Sales,"New York, NY",7551
71,Sham,32,44000,IT,"San Antonio, TX",566
51,Yusuf,29,38000,IT,"Charlotte, NC",11726
3,Charlie,28,39000,Finance,"Washington, DC",6177
48,Varun,37,49500,IT,"Jacksonville, FL",2590
53,Amy,25,35000,HR,"Washington, DC",10968
55,Clara,28,39000,Finance,"Chicago, IL",6570
37,Kevin,31,43000,Sales,"San Francisco, CA",6432
7,Grace,,41000,Finance,"Washington, DC",8925
22,Victor,27,38000,Sales,"Jacksonville, FL",9914
68,Pari,29,38500,Finance,"New York, NY",11236
14,Nancy,,36000,HR,"Denver, CO",1555
13,Mark,29,39000,IT,"San Diego, CA",6756
37,Kevin,31,43000,Sales,"Fort Worth, TX",3847
81,Charlie,28,39000,Finance,"Denver, CO",9861
90,Linda,34,55000,Finance,"Houston, TX",4601
48,Varun,37,49500,IT,"Houston, TX",8007
37,Kevin,31,43000,Sales,"Jacksonville, FL",9185
13,Mark,29,39000,IT,"Columbus, OH",3679
14,Nancy,,36000,HR,"Seattle, WA",6714
86,Helen,29,39500,IT,"Austin, TX",1863
77,Yuri,29,38000,IT,"Philadelphia, PA",7767
51,Yusuf,29,38000,IT,"Jacksonville, FL",1556
90,Linda,34,55000,Finance,"Philadelphia, PA",642
3,Charlie,28,39000,Finance,"New York, NY",5331
32,Frank,40,58000,Management,"Dallas, TX",11465
73,Umar,24,34500,Sales,"New York, NY",8299
8,Helen,29,39500,IT,"Fort Worth, TX",10576
69,Qadir,25,35000,Sales,"Houston, TX",2764
30,David,35,52000,IT,"Charlotte, NC",2424
11,Kevin,31,43000,Sales,"Columbus, OH",2981
46,Tina,27,37500,Finance,"San Jose, CA",10582
62,Jasmine,27,37000,IT,"Chicago, IL",7477
25,Yara,29,39500,Finance,"Fort Worth, TX",8396
22,Victor,27,38000,Sales,"San Diego, CA",3625
89,Kevin,31,43000,Sales,"Washington, DC",9633
30,David,35,52000,IT,"Jacksonville, FL",10307
63,Kamran,31,43000,Sales,"Dallas, TX",7550
79,Jonas,25,35000,HR,"Dallas, TX",6511
41,Oliver,36,50000,IT,"New York, NY",10660
37,Kevin,31,43000,Sales,"Austin, TX",11914
73,Umar,24,34500,Sales,"Indianapolis, IN",4650
53,Amy,25,35000,HR,"New York, NY",10163
60,Harry,29,39500,IT,"San Jose, CA",9750
84,Frank,40,58000,Management,"Fort Worth, TX",7504
88,Julia,27,37000,IT,"Charlotte, NC",9698
51,Yusuf,29,38000,IT,"San Diego, CA",11882
25,Yara,29,39500,Finance,"San Diego, CA",1720
39,Mark,29,39000,IT,"Indianapolis, IN",5161
47,Usha,24,34500,Sales,"San Francisco, CA",5366
48,Varun,37,49500,IT,"New York, NY",2297
11,Kevin,31,43000,Sales,"Charlotte, NC",6474
28,nick,30,42000,IT,"Indianapolis, IN",3371
28,nick,30,42000,IT,"Phoenix, AZ",9205
50,Xena,31,43000,Finance,"Charlotte, NC",2117
16,Peter,28,41000,Finance,"San Jose, CA",7505
55,Clara,28,39000,Finance,"Indianapolis, IN",6571
64,Lara,34,55000,Finance,"Houston, TX",5112
56,Duke,35,52000,IT,"San Francisco, CA",4257
89,Kevin,31,43000,Sales,"San Jose, CA",2532
79,Jonas,25,35000,HR,"Chicago, IL",11902
80,nick,30,42000,IT,"Houston, TX",9396
76,Xiya,31,43000,Finance,"Philadelphia, PA",10365
7,Grace,,41000,Finance,"Seattle, WA",10783
24,Xavier,55,950000,Management,"New York, NY",5453
89,Kevin,31,43000,Sales,"San Jose, CA",11540
80,nick,30,42000,IT,"Houston, TX",4814
39,Mark,29,39000,IT,"Columbus, OH",5163
42,Paul,29,38500,Finance,"Charlotte, NC",10469
66,Nina,,36000,HR,"Denver, CO",7551
16,Peter,28,41000,Finance,"Washington, DC",6132
89,Kevin,31,43000,Sales,"Los Angeles, CA",5996
8,Helen,29,39500,IT,"Indianapolis, IN",1392
99,Varun,37,49500,IT,"San Diego, CA",1471
3,Charlie,28,39000,Finance,"Philadelphia, PA",602
86,Helen,29,39500,IT,"Austin, TX",9799
28,nick,30,42000,IT,"San Antonio, TX",6551
43,Quinn,25,35000,Sales,"Washington, DC",5645
81,Charlie,28,39000,Finance,"Washington, DC",3746
5,Eva,26,36000,HR,"San Jose, CA",6354
5,Eva,26,36000,HR,"Fort Worth, TX",4212
85,Grace,,41000,Finance,"Phoenix, AZ",3917
64,Lara,34,55000,Finance,"Chicago, IL",6945
76,Xiya,31,43000,Finance,"San Antonio, TX",5917
8,Helen,29,39500,IT,"Houston, TX",4651
99,Varun,37,49500,IT,"Fort Worth, TX",7017
95,Rafa,41,220000,IT,"Chicago, IL",4159
81,Charlie,28,39000,Finance,"Jacksonville, FL",9611
33,Grace,,41000,Finance,"Indianapolis, IN",8006
60,Harry,29,39500,IT,"Columbus, OH",5052
16,Peter,28,41000,Finance,"Charlotte, NC",6173
94,Puja,38,185000,Finance,"Indianapolis, IN",2657
28,nick,30,42000,IT,"Houston, TX",1081
3,Charlie,28,39000,Finance,"Seattle, WA",1295
81,Charlie,28,39000,Finance,"Los Angeles, CA",11889
36,Julia,27,37000,IT,"Chicago, IL",2383
29,Charlie,28,39000,Finance,"Denver, CO",6544
82,David,35,52000,IT,"San Antonio, TX",9501
32,Frank,40,58000,Management,"Dallas, TX",11625
17,Queen,23,34000,Sales,"Jacksonville, FL",11960
17,Queen,23,34000,Sales,"Seattle, WA",5720
18,Ron,60,1200000,Management,"Denver, CO",11676
9,Ian,33,48000,HR,"Seattle, WA",1072
3,Charlie,28,39000,Finance,"New York, NY",1706
36,Julia,27,37000,IT,"San Jose, CA",3580
91,Mark,29,39000,IT,"Seattle, WA",2960
12,Linda,34,55000,Finance,"Austin, TX",10433
71,Sham,32,44000,IT,"Fort Worth, TX",4505
19,Sara,22,33000,HR,"Indianapolis, IN",5425
76,Xiya,31,43000,Finance,"Phoenix, AZ",3113
32,Frank,40,58000,Management,"Philadelphia, PA",2215
17,Queen,23,34000,Sales,"Indianapolis, IN",5745
27,Jonas,25,35000,HR,"Indianapolis, IN",2069
96,Shila,,195000,HR,"Jacksonville, FL",1176
39,Mark,29,39000,IT,"Washington, DC",10525
13,Mark,29,39000,IT,"Philadelphia, PA",3013
74,Vivi,37,49500,IT,"San Diego, CA",9492
72,Tara,27,37500,Finance,"Washington, DC",9833
41,Oliver,36,50000,IT,"New York, NY",3552
75,Wali,28,40000,HR,"Jacksonville, FL",2531
76,Xiya,31,43000,Finance,"Washington, DC",2008
70,Rima,30,41000,HR,"Philadelphia, PA",9802
40,Nancy,,36000,HR,"Indianapolis, IN",4829
62,Jasmine,27,37000,IT,"Columbus, OH",1412
69,Qadir,25,35000,Sales,"Chicago, IL",5743
52,Zara,26,36000,Sales,"San Jose, CA",5822
1,Jonas,25,35000,HR,"Columbus, OH",1555
86,Helen,29,39500,IT,"Columbus, OH",8130
75,Wali,28,40000,HR,"Indianapolis, IN",7607
30,David,35,52000,IT,"Chicago, IL",6170
32,Frank,40,58000,Management,"Seattle, WA",2250
50,Xena,31,43000,Finance,"Los Angeles, CA",8075
89,Kevin,31,43000,Sales,"Phoenix, AZ",11863
13,Mark,29,39000,IT,"Dallas, TX",6887
62,Jasmine,27,37000,IT,"Chicago, IL",3512
62,Jasmine,27,37000,IT,"Columbus, OH",3928
74,Vivi,37,49500,IT,"Dallas, TX",6963
40,Nancy,,36000,HR,"San Diego, CA",5638
23,Wendy,30,40000,HR,"Los Angeles, CA",9048
66,Nina,,36000,HR,"Columbus, OH",6760
85,Grace,,41000,Finance,"San Antonio, TX",5755
29,Charlie,28,39000,Finance,"San Jose, CA",4891
18,Ron,60,1200000,Management,"Chicago, IL",8047
39,Mark,29,39000,IT,"Seattle, WA",7822
54,Bran,,42000,IT,"New York, NY",10309
32,Frank,40,58000,Management,"Los Angeles, CA",10315
63,Kamran,31,43000,Sales,"Austin, TX",5724
33,Grace,,41000,Finance,"New York, NY",10357
26,Zack,32,45000,IT,"Dallas, TX",8451
33,Grace,,41000,Finance,"Denver, CO",11891
27,Jonas,25,35000,HR,"Washington, DC",10287
5,Eva,26,36000,HR,"San Antonio, TX",2489
54,Bran,,42000,IT,"Dallas, TX",11478
29,Charlie,28,39000,Finance,"Indianapolis, IN",9220
16,Peter,28,41000,Finance,"Washington, DC",3104
10,Julia,27,37000,IT,"Phoenix, AZ",11887
65,Milo,29,39000,IT,"San Diego, CA",2907
42,Paul,29,38500,Finance,"Columbus, OH",563
36,Julia,27,37000,IT,"Seattle, WA",3312
51,Yusuf,29,38000,IT,"Houston, TX",11513
98,Usha,24,34500,Sales,"San Jose, CA",4527
24,Xavier,55,950000,Management,"San Diego, CA",601
26,Zack,32,45000,IT,"Chicago, IL",11990
12,Linda,34,55000,Finance,"New York, NY",11786
4,David,35,52000,IT,"Dallas, TX",11583
83,Eva,26,36000,HR,"Houston, TX",3635
1,Jonas,25,35000,HR,"Seattle, WA",1680
49,Will,28,40000,HR,"Austin, TX",6009
42,Paul,29,38500,Finance,"Indianapolis, IN",11578
3,Charlie,28,39000,Finance,"Denver, CO",8030
24,Xavier,55,950000,Management,"San Francisco, CA",3228
6,Frank,40,58000,Management,"Indianapolis, IN",8131
56,Duke,35,52000,IT,"San Diego, CA",11384
68,Pari,29,38500,Finance,"Phoenix, AZ",9090
40,Nancy,,36000,HR,"Philadelphia, PA",904
21,Uma,26,36500,Finance,"Houston, TX",3373
43,Quinn,25,35000,Sales,"New York, NY",3768
52,Zara,26,36000,Sales,"San Jose, CA",3194
9,Ian,33,48000,HR,"Indianapolis, IN",10774
91,Mark,29,39000,IT,"San Antonio, TX",2967
93,Ovi,42,200000,IT,"Denver, CO",4815
100,Wendy,30,40000,HR,"Denver, CO",2421
31,Eva,26,36000,HR,"Seattle, WA",4459
1,Jonas,25,35000,HR,"Seattle, WA",7340
15,Oscar,45,870000,Management,"San Diego, CA",10232
23,Wendy,30,40000,HR,"Dallas, TX",11081
17,Queen,23,34000,Sales,"San Antonio, TX",5348
79,Jonas,25,35000,HR,"Seattle, WA",11155
38,Linda,34,55000,Finance,"New York, NY",8123
79,Jonas,25,35000,HR,"New York, NY",3868
26,Zack,32,45000,IT,"San Antonio, TX",11677
59,Gina,,41000,Finance,"Los Angeles, CA",8372
60,Harry,29,39500,IT,"Los Angeles, CA",1179
9,Ian,33,48000,HR,"Philadelphia, PA",8006
34,Helen,29,39500,IT,"Austin, TX",1247
80,nick,30,42000,IT,"New York, NY",11545
42,Paul,29,38500,Finance,"New York, NY",1821
47,Usha,24,34500,Sales,"Austin, TX",8427
30,David,35,52000,IT,"Phoenix, AZ",4248
20,Tom,31,42000,IT,"San Diego, CA",6362
50,Xena,31,43000,Finance,"Dallas, TX",5289
99,Varun,37,49500,IT,"Houston, TX",1033
35,Ian,33,48000,HR,"Philadelphia, PA",2318
46,Tina,27,37500,Finance,"Charlotte, NC",2841
34,Helen,29,39500,IT,"Chicago, IL",7194
85,Grace,,41000,Finance,"San Francisco, CA",5506
10,Julia,27,37000,IT,"Austin, TX",11114
79,Jonas,25,35000,HR,"Houston, TX",5045
40,Nancy,,36000,HR,"Jacksonville, FL",10160
36,Julia,27,37000,IT,"Washington, DC",7727
52,Zara,26,36000,Sales,"Columbus, OH",5407
30,David,35,52000,IT,"Columbus, OH",8478
87,Ian,33,48000,HR,"San Francisco, CA",4985
97,Tito,39,250000,Sales,"Austin, TX",1735
17,Queen,23,34000,Sales,"Chicago, IL",11406
13,Mark,29,39000,IT,"San Francisco, CA",10400
13,Mark,29,39000,IT,"Indianapolis, IN",8155
80,nick,30,42000,IT,"Phoenix, AZ",1645
26,Zack,32,45000,IT,"Houston, TX",7920
81,Charlie,28,39000,Finance,"San Antonio, TX",1975
64,Lara,34,55000,Finance,"Seattle, WA",3421
99,Varun,37,49500,IT,"Austin, TX",10547
75,Wali,28,40000,HR,"San Francisco, CA",11916
39,Mark,29,39000,IT,"Indianapolis, IN",6179
31,Eva,26,36000,HR,"Jacksonville, FL",8196
95,Rafa,41,220000,IT,"Austin, TX",5915
99,Varun,37,49500,IT,"Houston, TX",5438
6,Frank,40,58000,Management,"Charlotte, NC",2104
47,Usha,24,34500,Sales,"San Francisco, CA",11971
59,Gina,,41000,Finance,"Seattle, WA",5547
28,nick,30,42000,IT,"San Diego, CA",9243
8,Helen,29,39500,IT,"Charlotte, NC",10696
74,Vivi,37,49500,IT,"Fort Worth, TX",8675
76,Xiya,31,43000,Finance,"New York, NY",8119
15,Oscar,45,870000,Management,"San Antonio, TX",6617
38,Linda,34,55000,Finance,"Jacksonville, FL",8429
5,Eva,26,36000,HR,"Indianapolis, IN",2336
50,Xena,31,43000,Finance,"New York, NY",6404
71,Sham,32,44000,IT,"Austin, TX",6976
46,Tina,27,37500,Finance,"Denver, CO",7773
46,Tina,27,37500,Finance,"Charlotte, NC",9816
74,Vivi,37,49500,IT,"Philadelphia, PA",1882
39,Mark,29,39000,IT,"Denver, CO",10462
47,Usha,24,34500,Sales,"Philadelphia, PA",3900
7,Grace,,41000,Finance,"San Francisco, CA",8556
59,Gina,,41000,Finance,"Chicago, IL",8726
68,Pari,29,38500,Finance,"Chicago, IL",2704
70,Rima,30,41000,HR,"Fort Worth, TX",3844
79,Jonas,25,35000,HR,"Los Angeles, CA",3514
58,Fahim,40,58000,Management,"Phoenix, AZ",8419
28,nick,30,42000,IT,"Fort Worth, TX",10472
49,Will,28,40000,HR,"Seattle, WA",2128
90,Linda,34,55000,Finance,"Columbus, OH",7264
29,Charlie,28,39000,Finance,"San Diego, CA",10021
83,Eva,26,36000,HR,"San Jose, CA",6245
33,Grace,,41000,Finance,"Denver, CO",10251
54,Bran,,42000,IT,"Seattle, WA",9496
42,Paul,29,38500,Finance,"San Diego, CA",11201
55,Clara,28,39000,Finance,"New York, NY",1790
25,Yara,29,39500,Finance,"Dallas, TX",7510
45,Steve,32,44000,IT,"Charlotte, NC",3086
60,Harry,29,39500,IT,"Chicago, IL",6623
29,Charlie,28,39000,Finance,"Charlotte, NC",5430
84,Frank,40,58000,Management,"Houston, TX",3050
14,Nancy,,36000,HR,"Phoenix, AZ",1455
12,Linda,34,55000,Finance,"Los Angeles, CA",9271
28,nick,30,42000,IT,"Dallas, TX",10629
25,Yara,29,39500,Finance,"Houston, TX",2497
94,Puja,38,185000,Finance,"San Antonio, TX",7483
4,David,35,52000,IT,"Columbus, OH",10357
78,Zeena,26,36000,Sales,"Los Angeles, CA",7629
93,Ovi,42,200000,IT,"Phoenix, AZ",2630
7,Grace,,41000,Finance,"San Francisco, CA",7709
56,Duke,35,52000,IT,"Dallas, TX",6799
44,Rachel,30,41000,HR,"Jacksonville, FL",4240
56,Duke,35,52000,IT,"Houston, TX",3000
32,Frank,40,58000,Management,"Charlotte, NC",10334
86,Helen,29,39500,IT,"San Diego, CA",7951
87,Ian,33,48000,HR,"San Jose, CA",5807
65,Milo,29,39000,IT,"Austin, TX",7267
67,Olga,36,50000,IT,"Seattle, WA",1997
68,Pari,29,38500,Finance,"Austin, TX",11896
51,Yusuf,29,38000,IT,"Houston, TX",9313
75,Wali,28,40000,HR,"San Francisco, CA",3644
75,Wali,28,40000,HR,"Indianapolis, IN",10643
73,Umar,24,34500,Sales,"Washington, DC",10151
83,Eva,26,36000,HR,"Philadelphia, PA",8525
38,Linda,34,55000,Finance,"Austin, TX",792
28,nick,30,42000,IT,"Columbus, OH",9346
81,Charlie,28,39000,Finance,"Jacksonville, FL",11676
10,Julia,27,37000,IT,"Fort Worth, TX",3304
93,Ovi,42,200000,IT,"Denver, CO",8104
9,Ian,33,48000,HR,"Phoenix, AZ",7639
59,Gina,,41000,Finance,"Washington, DC",11406
25,Yara,29,39500,Finance,"San Antonio, TX",8328
82,David,35,52000,IT,"Indianapolis, IN",6703
29,Charlie,28,39000,Finance,"Los Angeles, CA",2121
74,Vivi,37,49500,IT,"Chicago, IL",8371
9,Ian,33,48000,HR,"Phoenix, AZ",4514
91,Mark,29,39000,IT,"Denver, CO",11945
51,Yusuf,29,38000,IT,"Charlotte, NC",11538
52,Zara,26,36000,Sales,"Phoenix, AZ",4005
84,Frank,40,58000,Management,"San Diego, CA",9210
79,Jonas,25,35000,HR,"Denver, CO",3185
66,Nina,,36000,HR,"Fort Worth, TX",527
30,David,35,52000,IT,"Fort Worth, TX",765
26,Zack,32,45000,IT,"Columbus, OH",9998
22,Victor,27,38000,Sales,"Jacksonville, FL",7605
57,Elena,26,36000,HR,"Denver, CO",7406
94,Puja,38,185000,Finance,"Charlotte, NC",5575
50,Xena,31,43000,Finance,"Austin, TX",6319
52,Zara,26,36000,Sales,"San Diego, CA",1310
82,David,35,52000,IT,"Austin, TX",5176
60,Harry,29,39500,IT,"Washington, DC",3890
30,David,35,52000,IT,"Indianapolis, IN",1110
44,Rachel,30,41000,HR,"Denver, CO",10966
29,Charlie,28,39000,Finance,"San Francisco, CA",5046
42,Paul,29,38500,Finance,"Washington, DC",5527
34,Helen,29,39500,IT,"New York, NY",6224
77,Yuri,29,38000,IT,"Dallas, TX",702
97,Tito,39,250000,Sales,"San Antonio, TX",901
25,Yara,29,39500,Finance,"Seattle, WA",2527
77,Yuri,29,38000,IT,"Jacksonville, FL",9581
42,Paul,29,38500,Finance,"Washington, DC",678
81,Charlie,28,39000,Finance,"Dallas, TX",6317
96,Shila,,195000,HR,"Denver, CO",2479
82,David,35,52000,IT,"Philadelphia, PA",7685
88,Julia,27,37000,IT,"San Antonio, TX",11202
4,David,35,52000,IT,"Los Angeles, CA",11574
50,Xena,31,43000,Finance,"Denver, CO",4484
15,Oscar,45,870000,Management,"San Jose, CA",6165
99,Varun,37,49500,IT,"Philadelphia, PA",5521
58,Fahim,40,58000,Management,"Los Angeles, CA",6022
64,Lara,34,55000,Finance,"Columbus, OH",10736
87,Ian,33,48000,HR,"San Jose, CA",6012
54,Bran,,42000,IT,"Philadelphia, PA",3483
25,Yara,29,39500,Finance,"Los Angeles, CA",9042
73,Umar,24,34500,Sales,"Chicago, IL",4782
23,Wendy,30,40000,HR,"New York, NY",6028
53,Amy,25,35000,HR,"San Jose, CA",8488
58,Fahim,40,58000,Management,"San Diego, CA",10659
16,Peter,28,41000,Finance,"Chicago, IL",7775
35,Ian,33,48000,HR,"New York, NY",10916
56,Duke,35,52000,IT,"San Francisco, CA",3287
22,Victor,27,38000,Sales,"Dallas, TX",5126
35,Ian,33,48000,HR,"Austin, TX",7061
56,Duke,35,52000,IT,"Dallas, TX",6852
32,Frank,40,58000,Management,"Los Angeles, CA",5308
32,Frank,40,58000,Management,"Dallas, TX",9129
55,Clara,28,39000,Finance,"Chicago, IL",6388
8,Helen,29,39500,IT,"Dallas, TX",6237
90,Linda,34,55000,Finance,"Chicago, IL",2858
66,Nina,,36000,HR,"Chicago, IL",9074
8,Helen,29,39500,IT,"San Francisco, CA",5890
19,Sara,22,33000,HR,"Washington, DC",4716
65,Milo,29,39000,IT,"Indianapolis, IN",906
70,Rima,30,41000,HR,"Charlotte, NC",4840
94,Puja,38,185000,Finance,"Los Angeles, CA",565
74,Vivi,37,49500,IT,"Jacksonville, FL",11681
59,Gina,,41000,Finance,"San Diego, CA",727
62,Jasmine,27,37000,IT,"Washington, DC",2684
5,Eva,26,36000,HR,"Chicago, IL",10933
20,Tom,31,42000,IT,"Austin, TX",7300
37,Kevin,31,43000,Sales,"Austin, TX",10204
61,Ilham,33,48000,HR,"Charlotte, NC",8251
70,Rima,30,41000,HR,"San Jose, CA",9621
14,Nancy,,36000,HR,"Austin, TX",6323
28,nick,30,42000,IT,"Fort Worth, TX",11295
40,Nancy,,36000,HR,"San Diego, CA",1680
28,nick,30,42000,IT,"Phoenix, AZ",9731
38,Linda,34,55000,Finance,"Seattle, WA",1601
48,Varun,37,49500,IT,"Charlotte, NC",2599
25,Yara,29,39500,Finance,"Dallas, TX",1013
37,Kevin,31,43000,Sales,"Chicago, IL",11824
23,Wendy,30,40000,HR,"Dallas, TX",2332
54,Bran,,42000,IT,"Dallas, TX",11149
63,Kamran,31,43000,Sales,"Los Angeles, CA",10894
32,Frank,40,58000,Management,"Chicago, IL",11372
64,Lara,34,55000,Finance,"Houston, TX",10790
14,Nancy,,36000,HR,"Indianapolis, IN",7637
89,Kevin,31,43000,Sales,"Houston, TX",11858
4,David,35,52000,IT,"Dallas, TX",6307
65,Milo,29,39000,IT,"Fort Worth, TX",10619
66,Nina,,36000,HR,"Charlotte, NC",3616
21,Uma,26,36500,Finance,"New York, NY",6350
77,Yuri,29,38000,IT,"Fort Worth, TX",11579
39,Mark,29,39000,IT,"New York, NY",8098
86,Helen,29,39500,IT,"Washington, DC",4843
69,Qadir,25,35000,Sales,"Indianapolis, IN",5128
85,Grace,,41000,Finance,"Seattle, WA",6684
97,Tito,39,250000,Sales,"Denver, CO",9481
15,Oscar,45,870000,Management,"Houston, TX",1800
81,Charlie,28,39000,Finance,"Philadelphia, PA",2447
46,Tina,27,37500,Finance,"San Jose, CA",2742
65,Milo,29,39000,IT,"Seattle, WA",9786
65,Milo,29,39000,IT,"Charlotte, NC",1858
30,David,35,52000,IT,"San Francisco, CA",4156
92,Nancy,,36000,HR,"Indianapolis, IN",807
97,Tito,39,250000,Sales,"Jacksonville, FL",1950
76,Xiya,31,43000,Finance,"San Antonio, TX",7866
80,nick,30,42000,IT,"Phoenix, AZ",2623
58,Fahim,40,58000,Management,"Los Angeles, CA",5382
97,Tito,39,250000,Sales,"Charlotte, NC",3342
29,Charlie,28,39000,Finance,"Chicago, IL",2164
27,Jonas,25,35000,HR,"Dallas, TX",6873
20,Tom,31,42000,IT,"Philadelphia, PA",4448
3,Charlie,28,39000,Finance,"Los Angeles, CA",10086
18,Ron,60,1200000,Management,"Fort Worth, TX",4572
26,Zack,32,45000,IT,"San Diego, CA",4134
78,Zeena,26,36000,Sales,"Denver, CO",714
4,David,35,52000,IT,"Charlotte, NC",3572
16,Peter,28,41000,Finance,"Chicago, IL",4972
15,Oscar,45,870000,Management,"San Jose, CA",2959
79,Jonas,25,35000,HR,"Jacksonville, FL",4206
45,Steve,32,44000,IT,"Fort Worth, TX",11963
42,Paul,29,38500,Finance,"Washington, DC",1706
67,Olga,36,50000,IT,"Denver, CO",9101
19,Sara,22,33000,HR,"Philadelphia, PA",3969
90,Linda,34,55000,Finance,"Denver, CO",8907
84,Frank,40,58000,Management,"Dallas, TX",5347
24,Xavier,55,950000,Management,"Phoenix, AZ",848
96,Shila,,195000,HR,"San Antonio, TX",4151
18,Ron,60,1200000,Management,"New York, NY",3378
56,Duke,35,52000,IT,"San Francisco, CA",5249
29,Charlie,28,39000,Finance,"Fort Worth, TX",11761
93,Ovi,42,200000,IT,"Columbus, OH",4494
17,Queen,23,34000,Sales,"Los Angeles, CA",11804
95,Rafa,41,220000,IT,"Indianapolis, IN",502
80,nick,30,42000,IT,"San Jose, CA",1617
35,Ian,33,48000,HR,"San Francisco, CA",9774
3,Charlie,28,39000,Finance,"New York, NY",7383
74,Vivi,37,49500,IT,"Houston, TX",2017
48,Varun,37,49500,IT,"Fort Worth, TX",5346
24,Xavier,55,950000,Management,"Columbus, OH",10587
58,Fahim,40,58000,Management,"Los Angeles, CA",4079
15,Oscar,45,870000,Management,"San Francisco, CA",11325
69,Qadir,25,35000,Sales,"Indianapolis, IN",2879
78,Zeena,26,36000,Sales,"Washington, DC",9704
11,Kevin,31,43000,Sales,"San Antonio, TX",4764
89,Kevin,31,43000,Sales,"Columbus, OH",3323
75,Wali,28,40000,HR,"Charlotte, NC",1348
28,nick,30,42000,IT,"Phoenix, AZ",10396
51,Yusuf,29,38000,IT,"Jacksonville, FL",5536
95,Rafa,41,220000,IT,"Seattle, WA",705
17,Queen,23,34000,Sales,"Houston, TX",10584
26,Zack,32,45000,IT,"Seattle, WA",1020
85,Grace,,41000,Finance,"Fort Worth, TX",4076
7,Grace,,41000,Finance,"San Jose, CA",5613
32,Frank,40,58000,Management,"Philadelphia, PA",11043
40,Nancy,,36000,HR,"San Jose, CA",6758
90,Linda,34,55000,Finance,"Houston, TX",7307
50,Xena,31,43000,Finance,"San Francisco, CA",2634
37,Kevin,31,43000,Sales,"Jacksonville, FL",5338
48,Varun,37,49500,IT,"San Diego, CA",2975
12,Linda,34,55000,Finance,"San Antonio, TX",6317
74,Vivi,37,49500,IT,"San Diego, CA",5045
3,Charlie,28,39000,Finance,"Indianapolis, IN",8293
81,Charlie,28,39000,Finance,"Dallas, TX",1285
67,Olga,36,50000,IT,"Indianapolis, IN",8643
25,Yara,29,39500,Finance,"Seattle, WA",8208
55,Clara,28,39000,Finance,"Chicago, IL",4597
37,Kevin,31,43000,Sales,"Los Angeles, CA",5697
62,Jasmine,27,37000,IT,"Denver, CO",11482
94,Puja,38,185000,Finance,"Austin, TX",2657
71,Sham,32,44000,IT,"Denver, CO",9370
84,Frank,40,58000,Management,"Indianapolis, IN",4028
74,Vivi,37,49500,IT,"Charlotte, NC",4059
7,Grace,,41000,Finance,"San Antonio, TX",8634
7,Grace,,41000,Finance,"Austin, TX",9062
90,Linda,34,55000,Finance,"San Francisco, CA",3437
79,Jonas,25,35000,HR,"Houston, TX",8672
65,Milo,29,39000,IT,"San Antonio, TX",8638
77,Yuri,29,38000,IT,"Indianapolis, IN",5641
82,David,35,52000,IT,"Denver, CO",1221
24,Xavier,55,950000,Management,"Chicago, IL",1423
36,Julia,27,37000,IT,"Austin, TX",5891
34,Helen,29,39500,IT,"Philadelphia, PA",8157
56,Duke,35,52000,IT,"San Jose, CA",1335
64,Lara,34,55000,Finance,"San Jose, CA",2993
56,Duke,35,52000,IT,"Los Angeles, CA",3479
81,Charlie,28,39000,Finance,"San Jose, CA",11017
39,Mark,29,39000,IT,"Dallas, TX",2924
74,Vivi,37,49500,IT,"Indianapolis, IN",5021
18,Ron,60,1200000,Management,"Seattle, WA",11818
16,Peter,28,41000,Finance,"New York, NY",2876
51,Yusuf,29,38000,IT,"San Francisco, CA",953
1,Jonas,25,35000,HR,"San Jose, CA",3959
66,Nina,,36000,HR,"Austin, TX",4047
57,Elena,26,36000,HR,"San Francisco, CA",1648
83,Eva,26,36000,HR,"San Jose, CA",1022
85,Grace,,41000,Finance,"Washington, DC",5077
46,Tina,27,37500,Finance,"Seattle, WA",621
82,David,35,52000,IT,"Indianapolis, IN",4118
90,Linda,34,55000,Finance,"Jacksonville, FL",7130
26,Zack,32,45000,IT,"San Jose, CA",4222
35,Ian,33,48000,HR,"San Jose, CA",3583
8,Helen,29,39500,IT,"Dallas, TX",10864
43,Quinn,25,35000,Sales,"San Antonio, TX",6430
17,Queen,23,34000,Sales,"Indianapolis, IN",11398
6,Frank,40,58000,Management,"Washington, DC",7223
32,Frank,40,58000,Management,"Philadelphia, PA",5313
35,Ian,33,48000,HR,"Fort Worth, TX",3807
94,Puja,38,185000,Finance,"Austin, TX",4142
22,Victor,27,38000,Sales,"Washington, DC",3317
75,Wali,28,40000,HR,"San Jose, CA",7921
70,Rima,30,41000,HR,"Chicago, IL",7547
13,Mark,29,39000,IT,"Austin, TX",10176
10,Julia,27,37000,IT,"Chicago, IL",8968
14,Nancy,,36000,HR,"Seattle, WA",6088
63,Kamran,31,43000,Sales,"New York, NY",7887
58,Fahim,40,58000,Management,"Jacksonville, FL",9940
93,Ovi,42,200000,IT,"Austin, TX",9816
13,Mark,29,39000,IT,"Columbus, OH",11593
85,Grace,,41000,Finance,"San Francisco, CA",10349
74,Vivi,37,49500,IT,"Phoenix, AZ",10445
36,Julia,27,37000,IT,"San Jose, CA",3902
76,Xiya,31,43000,Finance,"San Francisco, CA",4832
91,Mark,29,39000,IT,"Los Angeles, CA",9443
89,Kevin,31,43000,Sales,"San Jose, CA",664
28,nick,30,42000,IT,"Denver, CO",7489
22,Victor,27,38000,Sales,"New York, NY",10384
59,Gina,,41000,Finance,"Washington, DC",2456
19,Sara,22,33000,HR,"Seattle, WA",4360
62,Jasmine,27,37000,IT,"Columbus, OH",3275
34,Helen,29,39500,IT,"Phoenix, AZ",11981
36,Julia,27,37000,IT,"Indianapolis, IN",2268
75,Wali,28,40000,HR,"San Jose, CA",11115
64,Lara,34,55000,Finance,"Austin, TX",6726
86,Helen,29,39500,IT,"Washington, DC",7121
24,Xavier,55,950000,Management,"Fort Worth, TX",1282
97,Tito,39,250000,Sales,"Los Angeles, CA",8320
32,Frank,40,58000,Management,"Phoenix, AZ",9646
19,Sara,22,33000,HR,"Dallas, TX",10684
80,nick,30,42000,IT,"Philadelphia, PA",10351
93,Ovi,42,200000,IT,"Columbus, OH",640
48,Varun,37,49500,IT,"Chicago, IL",1219
3,Charlie,28,39000,Finance,"San Diego, CA",2150
32,Frank,40,58000,Management,"Chicago, IL",8385
9,Ian,33,48000,HR,"Philadelphia, PA",4073
27,Jonas,25,35000,HR,"Austin, TX",1515
81,Charlie,28,39000,Finance,"Washington, DC",4883
67,Olga,36,50000,IT,"Austin, TX",9034
60,Harry,29,39500,IT,"Fort Worth, TX",6792
19,Sara,22,33000,HR,"Austin, TX",6853
26,Zack,32,45000,IT,"San Jose, CA",11875
54,Bran,,42000,IT,"Columbus, OH",11393
43,Quinn,25,35000,Sales,"Chicago, IL",9667
36,Julia,27,37000,IT,"Houston, TX",11275
39,Mark,29,39000,IT,"Fort Worth, TX",3620
33,Grace,,41000,Finance,"Denver, CO",2323
61,Ilham,33,48000,HR,"Phoenix, AZ",4926
59,Gina,,41000,Finance,"San Jose, CA",510
57,Elena,26,36000,HR,"Charlotte, NC",5104
15,Oscar,45,870000,Management,"Seattle, WA",11319
52,Zara,26,36000,Sales,"San Diego, CA",10160
31,Eva,26,36000,HR,"Austin, TX",9805
4,David,35,52000,IT,"Houston, TX",9313
49,Will,28,40000,HR,"Austin, TX",1400
63,Kamran,31,43000,Sales,"New York, NY",4247
74,Vivi,37,49500,IT,"New York, NY",1971
1,Jonas,25,35000,HR,"New York, NY",7361
12,Linda,34,55000,Finance,"Chicago, IL",3603
34,Helen,29,39500,IT,"Phoenix, AZ",9018
83,Eva,26,36000,HR,"Denver, CO",573
51,Yusuf,29,38000,IT,"Chicago, IL",750
50,Xena,31,43000,Finance,"Charlotte, NC",2997
20,Tom,31,42000,IT,"Chicago, IL",11094
81,Charlie,28,39000,Finance,"Houston, TX",5128
53,Amy,25,35000,HR,"Columbus, OH",8987
92,Nancy,,36000,HR,"Denver, CO",797
47,Usha,24,34500,Sales,"Washington, DC",8993
11,Kevin,31,43000,Sales,"Jacksonville, FL",9276
38,Linda,34,55000,Finance,"Austin, TX",7017
26,Zack,32,45000,IT,"San Jose, CA",2134
84,Frank,40,58000,Management,"Denver, CO",5505
32,Frank,40,58000,Management,"Denver, CO",6529
10,Julia,27,37000,IT,"San Antonio, TX",8744
52,Zara,26,36000,Sales,"Phoenix, AZ",6115
40,Nancy,,36000,HR,"Columbus, OH",10968
100,Wendy,30,40000,HR,"San Jose, CA",11379
17,Queen,23,34000,Sales,"New York, NY",3344
21,Uma,26,36500,Finance,"Columbus, OH",6123
41,Oliver,36,50000,IT,"San Jose, CA",5090
95,Rafa,41,220000,IT,"Charlotte, NC",5448
97,Tito,39,250000,Sales,"Denver, CO",11410
85,Grace,,41000,Finance,"San Diego, CA",5690
53,Amy,25,35000,HR,"Indianapolis, IN",8384
9,Ian,33,48000,HR,"Philadelphia, PA",6832
4,David,35,52000,IT,"Dallas, TX",1162
91,Mark,29,39000,IT,"Charlotte, NC",8699
64,Lara,34,55000,Finance,"Houston, TX",6975
42,Paul,29,38500,Finance,"New York, NY",3587
78,Zeena,26,36000,Sales,"Dallas, TX",5261
6,Frank,40,58000,Management,"Washington, DC",1168
56,Duke,35,52000,IT,"Seattle, WA",11856
2,nick,30,42000,IT,"Seattle, WA",9977
91,Mark,29,39000,IT,"Philadelphia, PA",4120
43,Quinn,25,35000,Sales,"Phoenix, AZ",660
73,Umar,24,34500,Sales,"Indianapolis, IN",11090
88,Julia,27,37000,IT,"San Jose, CA",11937
73,Umar,24,34500,Sales,"San Francisco, CA",6960
45,Steve,32,44000,IT,"Seattle, WA",517
73,Umar,24,34500,Sales,"Jacksonville, FL",3033
22,Victor,27,38000,Sales,"Austin, TX",7010
91,Mark,29,39000,IT,"Los Angeles, CA",4946
1,Jonas,25,35000,HR,"San Antonio, TX",11267
84,Frank,40,58000,Management,"Denver, CO",6054
60,Harry,29,39500,IT,"Houston, TX",11009
28,nick,30,42000,IT,"Philadelphia, PA",3418
26,Zack,32,45000,IT,"Charlotte, NC",9745
60,Harry,29,39500,IT,"Philadelphia, PA",815
70,Rima,30,41000,HR,"Seattle, WA",5332
98,Usha,24,34500,Sales,"San Antonio, TX",2711
64,Lara,34,55000,Finance,"Seattle, WA",7569
93,Ovi,42,200000,IT,"Phoenix, AZ",9011
22,Victor,27,38000,Sales,"San Francisco, CA",5633
81,Charlie,28,39000,Finance,"New York, NY",6922
34,Helen,29,39500,IT,"San Francisco, CA",5027
41,Oliver,36,50000,IT,"New York, NY",3215
67,Olga,36,50000,IT,"Chicago, IL",9325
47,Usha,24,34500,Sales,"Fort Worth, TX",10397
44,Rachel,30,41000,HR,"Houston, TX",7165
41,Oliver,36,50000,IT,"San Antonio, TX",7607
28,nick,30,42000,IT,"Jacksonville, FL",5632
78,Zeena,26,36000,Sales,"Columbus, OH",9364
58,Fahim,40,58000,Management,"San Diego, CA",10971
50,Xena,31,43000,Finance,"Los Angeles, CA",9162
27,Jonas,25,35000,HR,"Columbus, OH",11923
47,Usha,24,34500,Sales,"Austin, TX",7282
1,Jonas,25,35000,HR,"Denver, CO",3107
1,Jonas,25,35000,HR,"Charlotte, NC",3832
85,Grace,,41000,Finance,"Austin, TX",11312
85,Grace,,41000,Finance,"Columbus, OH",5197
81,Charlie,28,39000,Finance,"San Jose, CA",10074
95,Rafa,41,220000,IT,"Houston, TX",7245
43,Quinn,25,35000,Sales,"San Jose, CA",6134
8,Helen,29,39500,IT,"Phoenix, AZ",6760
66,Nina,,36000,HR,"San Diego, CA",1685
70,Rima,30,41000,HR,"Austin, TX",7495
59,Gina,,41000,Finance,"Houston, TX",10602
80,nick,30,42000,IT,"Columbus, OH",6609
65,Milo,29,39000,IT,"Houston, TX",6941
11,Kevin,31,43000,Sales,"Austin, TX",1415
54,Bran,,42000,IT,"Denver, CO",7964
43,Quinn,25,35000,Sales,"Austin, TX",2117
20,Tom,31,42000,IT,"Dallas, TX",10375
59,Gina,,41000,Finance,"Seattle, WA",2925
32,Frank,40,58000,Management,"Fort Worth, TX",925
68,Pari,29,38500,Finance,"Dallas, TX",2287
64,Lara,34,55000,Finance,"Indianapolis, IN",3084
73,Umar,24,34500,Sales,"Houston, TX",5148
59,Gina,,41000,Finance,"San Diego, CA",668
3,Charlie,28,39000,Finance,"Washington, DC",1014
10,Julia,27,37000,IT,"Phoenix, AZ",3935
8,Helen,29,39500,IT,"Charlotte, NC",5025
51,Yusuf,29,38000,IT,"Seattle, WA",3116
67,Olga,36,50000,IT,"Denver, CO",11069
84,Frank,40,58000,Management,"Philadelphia, PA",9382
77,Yuri,29,38000,IT,"San Jose, CA",3704
39,Mark,29,39000,IT,"Charlotte, NC",8265
44,Rachel,30,41000,HR,"Columbus, OH",11196
26,Zack,32,45000,IT,"San Jose, CA",9044
40,Nancy,,36000,HR,"San Diego, CA",1617
24,Xavier,55,950000,Management,"Houston, TX",1905
51,Yusuf,29,38000,IT,"Chicago, IL",5914
71,Sham,32,44000,IT,"Charlotte, NC",6841
27,Jonas,25,35000,HR,"San Diego, CA",4674
97,Tito,39,250000,Sales,"Washington, DC",1177
43,Quinn,25,35000,Sales,"Indianapolis, IN",9242
24,Xavier,55,950000,Management,"Chicago, IL",9511
81,Charlie,28,39000,Finance,"San Diego, CA",713
85,Grace,,41000,Finance,"Denver, CO",2166
70,Rima,30,41000,HR,"San Diego, CA",9585
92,Nancy,,36000,HR,"San Jose, CA",4754
46,Tina,27,37500,Finance,"San Antonio, TX",3286
27,Jonas,25,35000,HR,"Denver, CO",10940
7,Grace,,41000,Finance,"New York, NY",8713
19,Sara,22,33000,HR,"San Jose, CA",6360
64,Lara,34,55000,Finance,"Los Angeles, CA",1761
72,Tara,27,37500,Finance,"Denver, CO",1672
3,Charlie,28,39000,Finance,"Fort Worth, TX",5380
71,Sham,32,44000,IT,"Philadelphia, PA",2554
51,Yusuf,29,38000,IT,"Charlotte, NC",10584
97,Tito,39,250000,Sales,"Denver, CO",3315
43,Quinn,25,35000,Sales,"Jacksonville, FL",5174
41,Oliver,36,50000,IT,"Jacksonville, FL",5696
9,Ian,33,48000,HR,"Charlotte, NC",5084
42,Paul,29,38500,Finance,"Phoenix, AZ",5521
55,Clara,28,39000,Finance,"Columbus, OH",6730
17,Queen,23,34000,Sales,"Austin, TX",10479
49,Will,28,40000,HR,"Columbus, OH",10682
72,Tara,27,37500,Finance,"Denver, CO",11152
93,Ovi,42,200000,IT,"Indianapolis, IN",3131
57,Elena,26,36000,HR,"San Antonio, TX",6845
30,David,35,52000,IT,"Houston, TX",8596
18,Ron,60,1200000,Management,"Philadelphia, PA",10960
6,Frank,40,58000,Management,"San Diego, CA",6800
81,Charlie,28,39000,Finance,"San Antonio, TX",7848
41,Oliver,36,50000,IT,"Charlotte, NC",6344
69,Qadir,25,35000,Sales,"Denver, CO",2676
19,Sara,22,33000,HR,"Seattle, WA",5862
92,Nancy,,36000,HR,"Fort Worth, TX",8597
11,Kevin,31,43000,Sales,"Fort Worth, TX",6099
97,Tito,39,250000,Sales,"New York, NY",9568
76,Xiya,31,43000,Finance,"Chicago, IL",4758
55,Clara,28,39000,Finance,"San Antonio, TX",9646
76,Xiya,31,43000,Finance,"Los Angeles, CA",4619
78,Zeena,26,36000,Sales,"Austin, TX",7140
36,Julia,27,37000,IT,"New York, NY",4788
86,Helen,29,39500,IT,"Los Angeles, CA",1377
17,Queen,23,34000,Sales,"Charlotte, NC",4985
66,Nina,,36000,HR,"San Diego, CA",3044
15,Oscar,45,870000,Management,"San Francisco, CA",5559
62,Jasmine,27,37000,IT,"Chicago, IL",10868
18,Ron,60,1200000,Management,"Washington, DC",7664
1,Jonas,25,35000,HR,"San Antonio, TX",3100
45,Steve,32,44000,IT,"Charlotte, NC",11799
62,Jasmine,27,37000,IT,"San Jose, CA",4028
51,Yusuf,29,38000,IT,"Austin, TX",2908
42,Paul,29,38500,Finance,"San Antonio, TX",5360
98,Usha,24,34500,Sales,"Houston, TX",10665
94,Puja,38,185000,Finance,"Fort Worth, TX",4448
42,Paul,29,38500,Finance,"Phoenix, AZ",9930
23,Wendy,30,40000,HR,"Fort Worth, TX",2834
88,Julia,27,37000,IT,"Columbus, OH",1267
28,nick,30,42000,IT,"Jacksonville, FL",11108
81,Charlie,28,39000,Finance,"Philadelphia, PA",11001
21,Uma,26,36500,Finance,"Denver, CO",5383
39,Mark,29,39000,IT,"Seattle, WA",4706
26,Zack,32,45000,IT,"Indianapolis, IN",6448
41,Oliver,36,50000,IT,"San Antonio, TX",7585
84,Frank,40,58000,Management,"Charlotte, NC",1244
5,Eva,26,36000,HR,"San Diego, CA",11274
97,Tito,39,250000,Sales,"Chicago, IL",4674
97,Tito,39,250000,Sales,"Seattle, WA",10209
31,Eva,26,36000,HR,"Dallas, TX",7698
49,Will,28,40000,HR,"Jacksonville, FL",3056
57,Elena,26,36000,HR,"San Antonio, TX",5566
98,Usha,24,34500,Sales,"San Diego, CA",8297
27,Jonas,25,35000,HR,"Dallas, TX",4661
66,Nina,,36000,HR,"Austin, TX",10086
55,Clara,28,39000,Finance,"Denver, CO",786
65,Milo,29,39000,IT,"Indianapolis, IN",3747
35,Ian,33,48000,HR,"San Antonio, TX",11294
16,Peter,28,41000,Finance,"Jacksonville, FL",5599
44,Rachel,30,41000,HR,"Austin, TX",503
58,Fahim,40,58000,Management,"Indianapolis, IN",6435
21,Uma,26,36500,Finance,"Charlotte, NC",911
25,Yara,29,39500,Finance,"Denver, CO",4845
23,Wendy,30,40000,HR,"Phoenix, AZ",4227
22,Victor,27,38000,Sales,"Chicago, IL",10609
40,Nancy,,36000,HR,"Fort Worth, TX",1856
64,Lara,34,55000,Finance,"Houston, TX",8849
48,Varun,37,49500,IT,"San Diego, CA",2100
76,Xiya,31,43000,Finance,"Dallas, TX",11576
96,Shila,,195000,HR,"Houston, TX",7657
57,Elena,26,36000,HR,"Columbus, OH",6206
75,Wali,28,40000,HR,"Austin, TX",6059
28,nick,30,42000,IT,"San Francisco, CA",7696
60,Harry,29,39500,IT,"Indianapolis, IN",5573
31,Eva,26,36000,HR,"San Jose, CA",2882
64,Lara,34,55000,Finance,"Fort Worth, TX",652
5,Eva,26,36000,HR,"Washington, DC",10321
77,Yuri,29,38000,IT,"San Diego, CA",3296
92,Nancy,,36000,HR,"Dallas, TX",11573
21,Uma,26,36500,Finance,"Washington, DC",7782
87,Ian,33,48000,HR,"Jacksonville, FL",7451
88,Julia,27,37000,IT,"San Diego, CA",3305
70,Rima,30,41000,HR,"Charlotte, NC",4580
39,Mark,29,39000,IT,"Dallas, TX",9747
19,Sara,22,33000,HR,"Houston, TX",11271
64,Lara,34,55000,Finance,"Los Angeles, CA",11457
14,Nancy,,36000,HR,"New York, NY",6350
19,Sara,22,33000,HR,"San Antonio, TX",7862
1,Jonas,25,35000,HR,"Chicago, IL",1828
48,Varun,37,49500,IT,"Houston, TX",2892
67,Olga,36,50000,IT,"Jacksonville, FL",3653
9,Ian,33,48000,HR,"New York, NY",8692
95,Rafa,41,220000,IT,"Los Angeles, CA",666
8,Helen,29,39500,IT,"Washington, DC",3754
3,Charlie,28,39000,Finance,"San Francisco, CA",5560
17,Queen,23,34000,Sales,"Fort Worth, TX",2385
84,Frank,40,58000,Management,"Columbus, OH",4868
49,Will,28,40000,HR,"San Diego, CA",8029
40,Nancy,,36000,HR,"Indianapolis, IN",1399
12,Linda,34,55000,Finance,"Denver, CO",2748
84,Frank,40,58000,Management,"Indianapolis, IN",11955
2,nick,30,42000,IT,"San Francisco, CA",3912
85,Grace,,41000,Finance,"San Jose, CA",10879
9,Ian,33,48000,HR,"Dallas, TX",6949
51,Yusuf,29,38000,IT,"Philadelphia, PA",9911
30,David,35,52000,IT,"San Antonio, TX",3632
23,Wendy,30,40000,HR,"San Francisco, CA",8655
44,Rachel,30,41000,HR,"San Jose, CA",8636
39,Mark,29,39000,IT,"Charlotte, NC",859
48,Varun,37,49500,IT,"Chicago, IL",6950
17,Queen,23,34000,Sales,"San Jose, CA",10731
75,Wali,28,40000,HR,"Houston, TX",8147
6,Frank,40,58000,Management,"Denver, CO",11846
80,nick,30,42000,IT,"Charlotte, NC",9025
6,Frank,40,58000,Management,"Columbus, OH",1230
44,Rachel,30,41000,HR,"Washington, DC",7567
77,Yuri,29,38000,IT,"Los Angeles, CA",10189
40,Nancy,,36000,HR,"Denver, CO",1917
51,Yusuf,29,38000,IT,"Jacksonville, FL",8267
68,Pari,29,38500,Finance,"Chicago, IL",8388
42,Paul,29,38500,Finance,"San Diego, CA",4263
37,Kevin,31,43000,Sales,"Dallas, TX",10435
33,Grace,,41000,Finance,"Denver, CO",7428
10,Julia,27,37000,IT,"Houston, TX",6196
84,Frank,40,58000,Management,"New York, NY",10665
60,Harry,29,39500,IT,"San Antonio, TX",1378
60,Harry,29,39500,IT,"Indianapolis, IN",5982
15,Oscar,45,870000,Management,"Charlotte, NC",3384
92,Nancy,,36000,HR,"Fort Worth, TX",11699
10,Julia,27,37000,IT,"Columbus, OH",11287
40,Nancy,,36000,HR,"Phoenix, AZ",2797
8,Helen,29,39500,IT,"Dallas, TX",9352
46,Tina,27,37500,Finance,"Seattle, WA",11836
54,Bran,,42000,IT,"Indianapolis, IN",11854
5,Eva,26,36000,HR,"Denver, CO",7871
94,Puja,38,185000,Finance,"Houston, TX",4485
33,Grace,,41000,Finance,"Phoenix, AZ",1769
29,Charlie,28,39000,Finance,"Fort Worth, TX",1794
45,Steve,32,44000,IT,"Jacksonville, FL",1509
61,Ilham,33,48000,HR,"San Diego, CA",10783
2,nick,30,42000,IT,"Indianapolis, IN",2257
31,Eva,26,36000,HR,"Washington, DC",10656
4,David,35,52000,IT,"Los Angeles, CA",8276
47,Usha,24,34500,Sales,"Philadelphia, PA",9883
54,Bran,,42000,IT,"Phoenix, AZ",7078
68,Pari,29,38500,Finance,"Washington, DC",8680
78,Zeena,26,36000,Sales,"Fort Worth, TX",9745
85,Grace,,41000,Finance,"Phoenix, AZ",3341
49,Will,28,40000,HR,"Chicago, IL",6216
88,Julia,27,37000,IT,"Los Angeles, CA",2904
1,Jonas,25,35000,HR,"Chicago, IL",4062
41,Oliver,36,50000,IT,"New York, NY",10514
78,Zeena,26,36000,Sales,"San Francisco, CA",1771
3,Charlie,28,39000,Finance,"Philadelphia, PA",10411
61,Ilham,33,48000,HR,"Washington, DC",8944
45,Steve,32,44000,IT,"Phoenix, AZ",3268
72,Tara,27,37500,Finance,"Seattle, WA",10251
74,Vivi,37,49500,IT,"Chicago, IL",8301
29,Charlie,28,39000,Finance,"Washington, DC",9428
4,David,35,52000,IT,"San Diego, CA",6642
83,Eva,26,36000,HR,"San Jose, CA",2428
37,Kevin,31,43000,Sales,"Columbus, OH",6766
50,Xena,31,43000,Finance,"Chicago, IL",5913
60,Harry,29,39500,IT,"Columbus, OH",7328
56,Duke,35,52000,IT,"Seattle, WA",2690
97,Tito,39,250000,Sales,"Seattle, WA",1502
38,Linda,34,55000,Finance,"Denver, CO",11677
86,Helen,29,39500,IT,"Houston, TX",10614
66,Nina,,36000,HR,"Charlotte, NC",7154
12,Linda,34,55000,Finance,"Los Angeles, CA",8594
80,nick,30,42000,IT,"Fort Worth, TX",6567
91,Mark,29,39000,IT,"Fort Worth, TX",4252
59,Gina,,41000,Finance,"Charlotte, NC",6700
23,Wendy,30,40000,HR,"Charlotte, NC",4637
48,Varun,37,49500,IT,"San Diego, CA",4202
86,Helen,29,39500,IT,"Seattle, WA",11884
61,Ilham,33,48000,HR,"Austin, TX",6443
72,Tara,27,37500,Finance,"Columbus, OH",4938
82,David,35,52000,IT,"Chicago, IL",4927
42,Paul,29,38500,Finance,"Jacksonville, FL",6056
45,Steve,32,44000,IT,"Washington, DC",9032
12,Linda,34,55000,Finance,"Philadelphia, PA",2888
70,Rima,30,41000,HR,"Philadelphia, PA",7492
80,nick,30,42000,IT,"Chicago, IL",6825
83,Eva,26,36000,HR,"Los Angeles, CA",2200
14,Nancy,,36000,HR,"Washington, DC",5883
59,Gina,,41000,Finance,"Dallas, TX",1733
21,Uma,26,36500,Finance,"San Jose, CA",11262
34,Helen,29,39500,IT,"Indianapolis, IN",2798
67,Olga,36,50000,IT,"San Jose, CA",8829
75,Wali,28,40000,HR,"Seattle, WA",11490
50,Xena,31,43000,Finance,"Houston, TX",3430
8,Helen,29,39500,IT,"Fort Worth, TX",2333
20,Tom,31,42000,IT,"San Jose, CA",2639
52,Zara,26,36000,Sales,"San Jose, CA",8899
34,Helen,29,39500,IT,"Philadelphia, PA",10925
68,Pari,29,38500,Finance,"Indianapolis, IN",10542
100,Wendy,30,40000,HR,"New York, NY",10379
19,Sara,22,33000,HR,"Fort Worth, TX",10895
63,Kamran,31,43000,Sales,"Philadelphia, PA",6936
15,Oscar,45,870000,Management,"Washington, DC",2708
1,Jonas,25,35000,HR,"Indianapolis, IN",8053
33,Grace,,41000,Finance,"Fort Worth, TX",6122
100,Wendy,30,40000,HR,"Philadelphia, PA",9542
13,Mark,29,39000,IT,"Dallas, TX",10895
30,David,35,52000,IT,"Austin, TX",6786
87,Ian,33,48000,HR,"Philadelphia, PA",8436
59,Gina,,41000,Finance,"Los Angeles, CA",4190
98,Usha,24,34500,Sales,"Philadelphia, PA",3109
35,Ian,33,48000,HR,"New York, NY",6678
33,Grace,,41000,Finance,"Dallas, TX",723
89,Kevin,31,43000,Sales,"Indianapolis, IN",4274
23,Wendy,30,40000,HR,"Indianapolis, IN",10103
60,Harry,29,39500,IT,"Columbus, OH",8416
94,Puja,38,185000,Finance,"Phoenix, AZ",9014
64,Lara,34,55000,Finance,"Indianapolis, IN",6473
51,Yusuf,29,38000,IT,"New York, NY",10203
27,Jonas,25,35000,HR,"Los Angeles, CA",2586
56,Duke,35,52000,IT,"Los Angeles, CA",7396
20,Tom,31,42000,IT,"Columbus, OH",7983
92,Nancy,,36000,HR,"Indianapolis, IN",8163
77,Yuri,29,38000,IT,"Dallas, TX",7784
20,Tom,31,42000,IT,"Fort Worth, TX",5961
38,Linda,34,55000,Finance,"Columbus, OH",2787
90,Linda,34,55000,Finance,"Charlotte, NC",9378
76,Xiya,31,43000,Finance,"Indianapolis, IN",10709
45,Steve,32,44000,IT,"Chicago, IL",10160
16,Peter,28,41000,Finance,"New York, NY",5335
39,Mark,29,39000,IT,"Indianapolis, IN",9688
90,Linda,34,55000,Finance,"Dallas, TX",3034
99,Varun,37,49500,IT,"New York, NY",11504
49,Will,28,40000,HR,"San Antonio, TX",6030
54,Bran,,42000,IT,"San Francisco, CA",1122
17,Queen,23,34000,Sales,"Houston, TX",11475
74,Vivi,37,49500,IT,"San Antonio, TX",1575
67,Olga,36,50000,IT,"San Diego, CA",7376
74,Vivi,37,49500,IT,"Denver, CO",8995
48,Varun,37,49500,IT,"Fort Worth, TX",9355
57,Elena,26,36000,HR,"Washington, DC",11638
57,Elena,26,36000,HR,"San Antonio, TX",5737
35,Ian,33,48000,HR,"Dallas, TX",4494
95,Rafa,41,220000,IT,"Columbus, OH",10684
73,Umar,24,34500,Sales,"Dallas, TX",3194
61,Ilham,33,48000,HR,"Dallas, TX",4804
43,Quinn,25,35000,Sales,"Phoenix, AZ",3698
43,Quinn,25,35000,Sales,"Denver, CO",5912
48,Varun,37,49500,IT,"Indianapolis, IN",9210
40,Nancy,,36000,HR,"Charlotte, NC",7889
22,Victor,27,38000,Sales,"Charlotte, NC",4933
13,Mark,29,39000,IT,"Denver, CO",6409
86,Helen,29,39500,IT,"Houston, TX",10561
24,Xavier,55,950000,Management,"Austin, TX",8517
11,Kevin,31,43000,Sales,"Fort Worth, TX",4310
92,Nancy,,36000,HR,"Denver, CO",1412
7,Grace,,41000,Finance,"Chicago, IL",7942
52,Zara,26,36000,Sales,"Columbus, OH",5402
55,Clara,28,39000,Finance,"Houston, TX",3688
77,Yuri,29,38000,IT,"Columbus, OH",10007
55,Clara,28,39000,Finance,"Washington, DC",3728
37,Kevin,31,43000,Sales,"Houston, TX",1071
36,Julia,27,37000,IT,"Houston, TX",11947
15,Oscar,45,870000,Management,"San Francisco, CA",11163
97,Tito,39,250000,Sales,"Los Angeles, CA",8268
92,Nancy,,36000,HR,"Chicago, IL",5635
58,Fahim,40,58000,Management,"Denver, CO",8789
21,Uma,26,36500,Finance,"Houston, TX",4533
12,Linda,34,55000,Finance,"Denver, CO",2139
41,Oliver,36,50000,IT,"Los Angeles, CA",6943
59,Gina,,41000,Finance,"San Antonio, TX",5342
10,Julia,27,37000,IT,"Dallas, TX",6041
98,Usha,24,34500,Sales,"San Francisco, CA",4527
36,Julia,27,37000,IT,"Indianapolis, IN",760
44,Rachel,30,41000,HR,"Charlotte, NC",9627
39,Mark,29,39000,IT,"Austin, TX",2297
63,Kamran,31,43000,Sales,"Seattle, WA",831
39,Mark,29,39000,IT,"San Diego, CA",4710
81,Charlie,28,39000,Finance,"San Jose, CA",8959
50,Xena,31,43000,Finance,"Columbus, OH",2559
27,Jonas,25,35000,HR,"San Francisco, CA",572
9,Ian,33,48000,HR,"San Diego, CA",5611
23,Wendy,30,40000,HR,"Denver, CO",3421
62,Jasmine,27,37000,IT,"New York, NY",11145
8,Helen,29,39500,IT,"Austin, TX",4388
19,Sara,22,33000,HR,"San Jose, CA",677
85,Grace,,41000,Finance,"Seattle, WA",2499
28,nick,30,42000,IT,"Seattle, WA",9463
21,Uma,26,36500,Finance,"Houston, TX",9637
53,Amy,25,35000,HR,"Dallas, TX",7926
15,Oscar,45,870000,Management,"Austin, TX",4995
68,Pari,29,38500,Finance,"San Antonio, TX",769
53,Amy,25,35000,HR,"Phoenix, AZ",10547
11,Kevin,31,43000,Sales,"Seattle, WA",2155
39,Mark,29,39000,IT,"Seattle, WA",3033
55,Clara,28,39000,Finance,"San Diego, CA",11381
79,Jonas,25,35000,HR,"Columbus, OH",5482
45,Steve,32,44000,IT,"San Jose, CA",4861
91,Mark,29,39000,IT,"Seattle, WA",10814
60,Harry,29,39500,IT,"Seattle, WA",6618
44,Rachel,30,41000,HR,"Charlotte, NC",11853
22,Victor,27,38000,Sales,"Charlotte, NC",9196
59,Gina,,41000,Finance,"San Diego, CA",2904
67,Olga,36,50000,IT,"Charlotte, NC",2701
9,Ian,33,48000,HR,"Houston, TX",6519
25,Yara,29,39500,Finance,"Indianapolis, IN",11981
3,Charlie,28,39000,Finance,"San Antonio, TX",6159
9,Ian,33,48000,HR,"Chicago, IL",1653
7,Grace,,41000,Finance,"Dallas, TX",4661
41,Oliver,36,50000,IT,"Charlotte, NC",11119
5,Eva,26,36000,HR,"San Jose, CA",1836
95,Rafa,41,220000,IT,"New York, NY",9098
64,Lara,34,55000,Finance,"San Jose, CA",3978
63,Kamran,31,43000,Sales,"Columbus, OH",776
37,Kevin,31,43000,Sales,"Indianapolis, IN",7258
47,Usha,24,34500,Sales,"Denver, CO",3980
61,Ilham,33,48000,HR,"Los Angeles, CA",2861
18,Ron,60,1200000,Management,"Chicago, IL",11288
84,Frank,40,58000,Management,"Columbus, OH",5868
21,Uma,26,36500,Finance,"San Jose, CA",10660
93,Ovi,42,200000,IT,"New York, NY",9152
40,Nancy,,36000,HR,"Jacksonville, FL",2946
58,Fahim,40,58000,Management,"Denver, CO",10274
63,Kamran,31,43000,Sales,"New York, NY",8101
18,Ron,60,1200000,Management,"Washington, DC",5551
70,Rima,30,41000,HR,"Denver, CO",4017
81,Charlie,28,39000,Finance,"Philadelphia, PA",5302
7,Grace,,41000,Finance,"Chicago, IL",2875
47,Usha,24,34500,Sales,"Washington, DC",8350
53,Amy,25,35000,HR,"Washington, DC",7244
39,Mark,29,39000,IT,"San Diego, CA",6889
22,Victor,27,38000,Sales,"Indianapolis, IN",6748
5,Eva,26,36000,HR,"Austin, TX",11431
53,Amy,25,35000,HR,"Seattle, WA",1471
78,Zeena,26,36000,Sales,"Fort Worth, TX",7636
44,Rachel,30,41000,HR,"Dallas, TX",10017
60,Harry,29,39500,IT,"Columbus, OH",8844
73,Umar,24,34500,Sales,"Jacksonville, FL",4460
59,Gina,,41000,Finance,"New York, NY",11798
17,Queen,23,34000,Sales,"San Francisco, CA",3586
8,Helen,29,39500,IT,"Los Angeles, CA",9421
56,Duke,35,52000,IT,"Seattle, WA",4467
60,Harry,29,39500,IT,"Indianapolis, IN",5451
61,Ilham,33,48000,HR,"Indianapolis, IN",4502
61,Ilham,33,48000,HR,"New York, NY",2832
32,Frank,40,58000,Management,"New York, NY",10265
2,nick,30,42000,IT,"San Francisco, CA",11960
81,Charlie,28,39000,Finance,"Columbus, OH",4875
16,Peter,28,41000,Finance,"San Francisco, CA",1185
43,Quinn,25,35000,Sales,"Columbus, OH",4388
16,Peter,28,41000,Finance,"San Francisco, CA",10271
85,Grace,,41000,Finance,"Washington, DC",1468
74,Vivi,37,49500,IT,"Charlotte, NC",7820
66,Nina,,36000,HR,"Houston, TX",2533
33,Grace,,41000,Finance,"Chicago, IL",7575
19,Sara,22,33000,HR,"Los Angeles, CA",5761
83,Eva,26,36000,HR,"San Jose, CA",9459
8,Helen,29,39500,IT,"Los Angeles, CA",1145
47,Usha,24,34500,Sales,"Washington, DC",4621
84,Frank,40,58000,Management,"San Diego, CA",8612
60,Harry,29,39500,IT,"Austin, TX",9771
39,Mark,29,39000,IT,"Phoenix, AZ",6936
97,Tito,39,250000,Sales,"San Jose, CA",9328
2,nick,30,42000,IT,"Houston, TX",10792
4,David,35,52000,IT,"San Jose, CA",7597
35,Ian,33,48000,HR,"New York, NY",8792
20,Tom,31,42000,IT,"Seattle, WA",6086
36,Julia,27,37000,IT,"Columbus, OH",1368
79,Jonas,25,35000,HR,"San Jose, CA",6414
88,Julia,27,37000,IT,"Dallas, TX",8713
2,nick,30,42000,IT,"San Jose, CA",11317
45,Steve,32,44000,IT,"Washington, DC",6855
6,Frank,40,58000,Management,"Chicago, IL",2403
84,Frank,40,58000,Management,"Houston, TX",3076
17,Queen,23,34000,Sales,"Dallas, TX",4609
64,Lara,34,55000,Finance,"San Francisco, CA",5114
96,Shila,,195000,HR,"Chicago, IL",8514
87,Ian,33,48000,HR,"Austin, TX",3793
61,Ilham,33,48000,HR,"Austin, TX",2435
83,Eva,26,36000,HR,"Chicago, IL",1115
93,Ovi,42,200000,IT,"Houston, TX",5557
79,Jonas,25,35000,HR,"Washington, DC",11142
12,Linda,34,55000,Finance,"San Antonio, TX",8978
81,Charlie,28,39000,Finance,"San Diego, CA",2423
57,Elena,26,36000,HR,"San Antonio, TX",6955
52,Zara,26,36000,Sales,"Austin, TX",8104
85,Grace,,41000,Finance,"Dallas, TX",8652
20,Tom,31,42000,IT,"Indianapolis, IN",3273
42,Paul,29,38500,Finance,"Charlotte, NC",10782
32,Frank,40,58000,Management,"San Francisco, CA",5693
45,Steve,32,44000,IT,"San Antonio, TX",11493
93,Ovi,42,200000,IT,"Fort Worth, TX",9684
96,Shila,,195000,HR,"Charlotte, NC",10276
53,Amy,25,35000,HR,"San Antonio, TX",2403
86,Helen,29,39500,IT,"Chicago, IL",9567
75,Wali,28,40000,HR,"Denver, CO",10577
8,Helen,29,39500,IT,"Austin, TX",643
72,Tara,27,37500,Finance,"Seattle, WA",7996
5,Eva,26,36000,HR,"Los Angeles, CA",2756
44,Rachel,30,41000,HR,"Houston, TX",9814
48,Varun,37,49500,IT,"Dallas, TX",1199
84,Frank,40,58000,Management,"Dallas, TX",6818
80,nick,30,42000,IT,"Philadelphia, PA",770
68,Pari,29,38500,Finance,"Houston, TX",8754
73,Umar,24,34500,Sales,"Phoenix, AZ",1507
33,Grace,,41000,Finance,"Philadelphia, PA",11535
23,Wendy,30,40000,HR,"Seattle, WA",10964
31,Eva,26,36000,HR,"Chicago, IL",10674
62,Jasmine,27,37000,IT,"Charlotte, NC",7703
70,Rima,30,41000,HR,"Charlotte, NC",11120
30,David,35,52000,IT,"San Diego, CA",4224
6,Frank,40,58000,Management,"San Jose, CA",11447
9,Ian,33,48000,HR,"Austin, TX",7099
51,Yusuf,29,38000,IT,"Chicago, IL",9984
94,Puja,38,185000,Finance,"Phoenix, AZ",6987
13,Mark,29,39000,IT,"Washington, DC",8417
33,Grace,,41000,Finance,"Jacksonville, FL",5009
35,Ian,33,48000,HR,"Fort Worth, TX",5900
87,Ian,33,48000,HR,"San Jose, CA",4820
70,Rima,30,41000,HR,"Philadelphia, PA",9869
27,Jonas,25,35000,HR,"Los Angeles, CA",5972
62,Jasmine,27,37000,IT,"Philadelphia, PA",7706
59,Gina,,41000,Finance,"Phoenix, AZ",7372
46,Tina,27,37500,Finance,"Dallas, TX",8423
65,Milo,29,39000,IT,"San Jose, CA",5216
76,Xiya,31,43000,Finance,"Charlotte, NC",7618
10,Julia,27,37000,IT,"Jacksonville, FL",3120
95,Rafa,41,220000,IT,"New York, NY",3036
41,Oliver,36,50000,IT,"Houston, TX",5603
88,Julia,27,37000,IT,"Chicago, IL",10660
96,Shila,,195000,HR,"San Francisco, CA",7580
51,Yusuf,29,38000,IT,"New York, NY",5817
66,Nina,,36000,HR,"Columbus, OH",1695
79,Jonas,25,35000,HR,"Austin, TX",11523
73,Umar,24,34500,Sales,"New York, NY",9199
14,Nancy,,36000,HR,"Houston, TX",904
89,Kevin,31,43000,Sales,"Phoenix, AZ",1794
97,Tito,39,250000,Sales,"Indianapolis, IN",6554
46,Tina,27,37500,Finance,"Dallas, TX",4125
94,Puja,38,185000,Finance,"Washington, DC",8368
63,Kamran,31,43000,Sales,"Fort Worth, TX",3319
72,Tara,27,37500,Finance,"Chicago, IL",5259
63,Kamran,31,43000,Sales,"Washington, DC",6245
97,Tito,39,250000,Sales,"Denver, CO",8064
88,Julia,27,37000,IT,"Dallas, TX",4137
9,Ian,33,48000,HR,"Houston, TX",2373
64,Lara,34,55000,Finance,"Austin, TX",1906
50,Xena,31,43000,Finance,"Charlotte, NC",6014
8,Helen,29,39500,IT,"Denver, CO",2077
24,Xavier,55,950000,Management,"Jacksonville, FL",8272
34,Helen,29,39500,IT,"San Jose, CA",5879
83,Eva,26,36000,HR,"Indianapolis, IN",5811
55,Clara,28,39000,Finance,"San Diego, CA",9328
20,Tom,31,42000,IT,"Indianapolis, IN",6047
28,nick,30,42000,IT,"Chicago, IL",1307
37,Kevin,31,43000,Sales,"Chicago, IL",2895
58,Fahim,40,58000,Management,"Houston, TX",5024
66,Nina,,36000,HR,"Seattle, WA",1915
57,Elena,26,36000,HR,"Chicago, IL",8008
59,Gina,,41000,Finance,"Denver, CO",2949
51,Yusuf,29,38000,IT,"Indianapolis, IN",3996
52,Zara,26,36000,Sales,"Denver, CO",7603
79,Jonas,25,35000,HR,"Charlotte, NC",5232
56,Duke,35,52000,IT,"Denver, CO",7522
65,Milo,29,39000,IT,"San Francisco, CA",7995
25,Yara,29,39500,Finance,"Houston, TX",9206
98,Usha,24,34500,Sales,"Seattle, WA",5599
5,Eva,26,36000,HR,"Austin, TX",7832
67,Olga,36,50000,IT,"Phoenix, AZ",3794
48,Varun,37,49500,IT,"Charlotte, NC",3408
40,Nancy,,36000,HR,"Charlotte, NC",5916
71,Sham,32,44000,IT,"San Antonio, TX",11190
38,Linda,34,55000,Finance,"San Jose, CA",10058
46,Tina,27,37500,Finance,"San Francisco, CA",9032
75,Wali,28,40000,HR,"Jacksonville, FL",10252
66,Nina,,36000,HR,"San Francisco, CA",6170
90,Linda,34,55000,Finance,"Philadelphia, PA",2968
38,Linda,34,55000,Finance,"Philadelphia, PA",2928
17,Queen,23,34000,Sales,"Seattle, WA",4188
50,Xena,31,43000,Finance,"San Diego, CA",6648
69,Qadir,25,35000,Sales,"San Francisco, CA",11387
94,Puja,38,185000,Finance,"Austin, TX",2527
3,Charlie,28,39000,Finance,"Washington, DC",7671
99,Varun,37,49500,IT,"Fort Worth, TX",815
6,Frank,40,58000,Management,"Charlotte, NC",4489
22,Victor,27,38000,Sales,"Phoenix, AZ",9793
87,Ian,33,48000,HR,"Austin, TX",1030
36,Julia,27,37000,IT,"San Antonio, TX",8384
80,nick,30,42000,IT,"Philadelphia, PA",11094
5,Eva,26,36000,HR,"Jacksonville, FL",2359
75,Wali,28,40000,HR,"Charlotte, NC",5257
18,Ron,60,1200000,Management,"Houston, TX",8372
11,Kevin,31,43000,Sales,"Charlotte, NC",9911
22,Victor,27,38000,Sales,"Washington, DC",10458
79,Jonas,25,35000,HR,"Fort Worth, TX",1567
95,Rafa,41,220000,IT,"New York, NY",1227
58,Fahim,40,58000,Management,"Dallas, TX",743
54,Bran,,42000,IT,"Jacksonville, FL",10477
56,Duke,35,52000,IT,"Jacksonville, FL",1211
86,Helen,29,39500,IT,"San Antonio, TX",11585
37,Kevin,31,43000,Sales,"Jacksonville, FL",11842
32,Frank,40,58000,Management,"Seattle, WA",8424
96,Shila,,195000,HR,"Jacksonville, FL",10200
49,Will,28,40000,HR,"San Antonio, TX",8962
3,Charlie,28,39000,Finance,"Houston, TX",10489
44,Rachel,30,41000,HR,"New York, NY",3060
38,Linda,34,55000,Finance,"San Antonio, TX",5639
57,Elena,26,36000,HR,"Jacksonville, FL",4060
3,Charlie,28,39000,Finance,"San Jose, CA",4503
47,Usha,24,34500,Sales,"Phoenix, AZ",2677
35,Ian,33,48000,HR,"Denver, CO",1337
21,Uma,26,36500,Finance,"Columbus, OH",11509
63,Kamran,31,43000,Sales,"Columbus, OH",4214
32,Frank,40,58000,Management,"Charlotte, NC",3578
94,Puja,38,185000,Finance,"Columbus, OH",11591
40,Nancy,,36000,HR,"Houston, TX",10468
59,Gina,,41000,Finance,"Phoenix, AZ",5532
67,Olga,36,50000,IT,"San Francisco, CA",2150
13,Mark,29,39000,IT,"Denver, CO",3448
19,Sara,22,33000,HR,"San Diego, CA",3020
45,Steve,32,44000,IT,"Columbus, OH",7769
9,Ian,33,48000,HR,"Dallas, TX",11077
70,Rima,30,41000,HR,"Charlotte, NC",11460
35,Ian,33,48000,HR,"Seattle, WA",8097
83,Eva,26,36000,HR,"Philadelphia, PA",11396
96,Shila,,195000,HR,"Jacksonville, FL",9864
71,Sham,32,44000,IT,"Chicago, IL",11210
40,Nancy,,36000,HR,"New York, NY",862
50,Xena,31,43000,Finance,"Denver, CO",9341
62,Jasmine,27,37000,IT,"San Francisco, CA",2756
7,Grace,,41000,Finance,"Seattle, WA",7852
50,Xena,31,43000,Finance,"Denver, CO",11828
67,Olga,36,50000,IT,"Fort Worth, TX",9827
88,Julia,27,37000,IT,"Philadelphia, PA",4858
8,Helen,29,39500,IT,"Washington, DC",11839
52,Zara,26,36000,Sales,"Philadelphia, PA",5797
71,Sham,32,44000,IT,"San Antonio, TX",5361
57,Elena,26,36000,HR,"Dallas, TX",1375
27,Jonas,25,35000,HR,"Chicago, IL",6455
91,Mark,29,39000,IT,"Denver, CO",7629
46,Tina,27,37500,Finance,"Seattle, WA",4351
34,Helen,29,39500,IT,"New York, NY",9844
20,Tom,31,42000,IT,"Jacksonville, FL",8305
36,Julia,27,37000,IT,"San Antonio, TX",7156
1,Jonas,25,35000,HR,"Charlotte, NC",2422
88,Julia,27,37000,IT,"San Antonio, TX",9320
100,Wendy,30,40000,HR,"Philadelphia, PA",11711
78,Zeena,26,36000,Sales,"San Jose, CA",10416
87,Ian,33,48000,HR,"Indianapolis, IN",1628
72,Tara,27,37500,Finance,"Chicago, IL",5061
50,Xena,31,43000,Finance,"San Diego, CA",9455
10,Julia,27,37000,IT,"Houston, TX",1519
46,Tina,27,37500,Finance,"New York, NY",5524
26,Zack,32,45000,IT,"San Diego, CA",8074
61,Ilham,33,48000,HR,"San Antonio, TX",4427
49,Will,28,40000,HR,"Houston, TX",3341
91,Mark,29,39000,IT,"Chicago, IL",11639
6,Frank,40,58000,Management,"New York, NY",5977
52,Zara,26,36000,Sales,"Seattle, WA",9366
35,Ian,33,48000,HR,"San Antonio, TX",1508
98,Usha,24,34500,Sales,"Charlotte, NC",1726
76,Xiya,31,43000,Finance,"Los Angeles, CA",2135
61,Ilham,33,48000,HR,"San Diego, CA",7761
72,Tara,27,37500,Finance,"Houston, TX",9015
53,Amy,25,35000,HR,"Indianapolis, IN",11530
47,Usha,24,34500,Sales,"Denver, CO",8029
96,Shila,,195000,HR,"Philadelphia, PA",2185
57,Elena,26,36000,HR,"New York, NY",4212
71,Sham,32,44000,IT,"San Diego, CA",7558
76,Xiya,31,43000,Finance,"Philadelphia, PA",9233
56,Duke,35,52000,IT,"New York, NY",3444
73,Umar,24,34500,Sales,"Jacksonville, FL",1827
93,Ovi,42,200000,IT,"Philadelphia, PA",6406
32,Frank,40,58000,Management,"San Diego, CA",9330
19,Sara,22,33000,HR,"San Jose, CA",2760
86,Helen,29,39500,IT,"Philadelphia, PA",1929
97,Tito,39,250000,Sales,"Houston, TX",11557
15,Oscar,45,870000,Management,"Los Angeles, CA",9653
31,Eva,26,36000,HR,"Seattle, WA",3462
59,Gina,,41000,Finance,"Denver, CO",7886
13,Mark,29,39000,IT,"Los Angeles, CA",2968
44,Rachel,30,41000,HR,"Austin, TX",3728
92,Nancy,,36000,HR,"Austin, TX",8820
17,Queen,23,34000,Sales,"Philadelphia, PA",4899
91,Mark,29,39000,IT,"Phoenix, AZ",4466
82,David,35,52000,IT,"San Antonio, TX",9608
52,Zara,26,36000,Sales,"Dallas, TX",5781
10,Julia,27,37000,IT,"Chicago, IL",5517
91,Mark,29,39000,IT,"Austin, TX",5655
8,Helen,29,39500,IT,"San Jose, CA",1750
78,Zeena,26,36000,Sales,"Jacksonville, FL",10890
41,Oliver,36,50000,IT,"Seattle, WA",5188
22,Victor,27,38000,Sales,"Dallas, TX",4573
42,Paul,29,38500,Finance,"Fort Worth, TX",4287
46,Tina,27,37500,Finance,"Columbus, OH",9631
93,Ovi,42,200000,IT,"Indianapolis, IN",10970
36,Julia,27,37000,IT,"Columbus, OH",6158
49,Will,28,40000,HR,"Indianapolis, IN",9693
8,Helen,29,39500,IT,"Charlotte, NC",4272
82,David,35,52000,IT,"Chicago, IL",2712
89,Kevin,31,43000,Sales,"Austin, TX",7367
42,Paul,29,38500,Finance,"Fort Worth, TX",7463
47,Usha,24,34500,Sales,"Los Angeles, CA",10302
100,Wendy,30,40000,HR,"Denver, CO",10319
60,Harry,29,39500,IT,"Houston, TX",6193
24,Xavier,55,950000,Management,"Charlotte, NC",11829
76,Xiya,31,43000,Finance,"Seattle, WA",4491
91,Mark,29,39000,IT,"Chicago, IL",9795
14,Nancy,,36000,HR,"Indianapolis, IN",2687
91,Mark,29,39000,IT,"Austin, TX",3532
94,Puja,38,185000,Finance,"Los Angeles, CA",11505
20,Tom,31,42000,IT,"Austin, TX",11185
58,Fahim,40,58000,Management,"Indianapolis, IN",4403
9,Ian,33,48000,HR,"Denver, CO",8720
22,Victor,27,38000,Sales,"Los Angeles, CA",9952
43,Quinn,25,35000,Sales,"Seattle, WA",4170
5,Eva,26,36000,HR,"San Jose, CA",6227
8,Helen,29,39500,IT,"Indianapolis, IN",5394
43,Quinn,25,35000,Sales,"Dallas, TX",6018
70,Rima,30,41000,HR,"Dallas, TX",2836
24,Xavier,55,950000,Management,"San Francisco, CA",3823
4,David,35,52000,IT,"Chicago, IL",7620
97,Tito,39,250000,Sales,"Dallas, TX",8359
75,Wali,28,40000,HR,"Fort Worth, TX",599
58,Fahim,40,58000,Management,"Austin, TX",4156
9,Ian,33,48000,HR,"San Antonio, TX",7286
27,Jonas,25,35000,HR,"Indianapolis, IN",1193
86,Helen,29,39500,IT,"Fort Worth, TX",5301
25,Yara,29,39500,Finance,"Charlotte, NC",8709
17,Queen,23,34000,Sales,"Philadelphia, PA",4209
59,Gina,,41000,Finance,"San Antonio, TX",3270
15,Oscar,45,870000,Management,"Fort Worth, TX",1530
14,Nancy,,36000,HR,"Seattle, WA",4975
38,Linda,34,55000,Finance,"Jacksonville, FL",4709
16,Peter,28,41000,Finance,"Fort Worth, TX",7495
57,Elena,26,36000,HR,"Indianapolis, IN",2119
2,nick,30,42000,IT,"New York, NY",9542
58,Fahim,40,58000,Management,"Los Angeles, CA",10588
27,Jonas,25,35000,HR,"Austin, TX",9667
67,Olga,36,50000,IT,"Chicago, IL",3016
88,Julia,27,37000,IT,"Los Angeles, CA",10207
47,Usha,24,34500,Sales,"San Jose, CA",8495
13,Mark,29,39000,IT,"Los Angeles, CA",1625
54,Bran,,42000,IT,"Houston, TX",9184
10,Julia,27,37000,IT,"Houston, TX",7406
47,Usha,24,34500,Sales,"Chicago, IL",6104
81,Charlie,28,39000,Finance,"Washington, DC",3536
17,Queen,23,34000,Sales,"Indianapolis, IN",3026
91,Mark,29,39000,IT,"Fort Worth, TX",666
47,Usha,24,34500,Sales,"Charlotte, NC",4689
62,Jasmine,27,37000,IT,"Austin, TX",7848
26,Zack,32,45000,IT,"Denver, CO",1075
6,Frank,40,58000,Management,"Philadelphia, PA",7671
26,Zack,32,45000,IT,"Houston, TX",9297
69,Qadir,25,35000,Sales,"San Diego, CA",3843
22,Victor,27,38000,Sales,"Philadelphia, PA",2318
28,nick,30,42000,IT,"Washington, DC",9847
88,Julia,27,37000,IT,"Fort Worth, TX",9507
8,Helen,29,39500,IT,"Indianapolis, IN",6523
54,Bran,,42000,IT,"Houston, TX",11332
50,Xena,31,43000,Finance,"San Diego, CA",10227
48,Varun,37,49500,IT,"New York, NY",11425
52,Zara,26,36000,Sales,"Jacksonville, FL",8479
38,Linda,34,55000,Finance,"Chicago, IL",9654
46,Tina,27,37500,Finance,"Austin, TX",11726
12,Linda,34,55000,Finance,"Los Angeles, CA",5671
31,Eva,26,36000,HR,"Jacksonville, FL",10739
19,Sara,22,33000,HR,"Denver, CO",5909
79,Jonas,25,35000,HR,"San Antonio, TX",5041
17,Queen,23,34000,Sales,"Denver, CO",6880
71,Sham,32,44000,IT,"Phoenix, AZ",4360
52,Zara,26,36000,Sales,"San Jose, CA",2014
53,Amy,25,35000,HR,"Columbus, OH",1567
10,Julia,27,37000,IT,"Phoenix, AZ",1381
19,Sara,22,33000,HR,"Charlotte, NC",7409
68,Pari,29,38500,Finance,"Los Angeles, CA",5532
65,Milo,29,39000,IT,"Seattle, WA",7002
68,Pari,29,38500,Finance,"Columbus, OH",4139
76,Xiya,31,43000,Finance,"Houston, TX",10241
56,Duke,35,52000,IT,"Austin, TX",11429
97,Tito,39,250000,Sales,"San Francisco, CA",5057
48,Varun,37,49500,IT,"San Diego, CA",8792
93,Ovi,42,200000,IT,"San Diego, CA",4032
10,Julia,27,37000,IT,"Dallas, TX",3316
14,Nancy,,36000,HR,"San Jose, CA",6911
57,Elena,26,36000,HR,"Fort Worth, TX",907
6,Frank,40,58000,Management,"Charlotte, NC",7704
96,Shila,,195000,HR,"San Francisco, CA",3015
24,Xavier,55,950000,Management,"San Antonio, TX",8633
52,Zara,26,36000,Sales,"Fort Worth, TX",2239
42,Paul,29,38500,Finance,"Dallas, TX",4552
1,Jonas,25,35000,HR,"Austin, TX",758
63,Kamran,31,43000,Sales,"San Antonio, TX",9200
7,Grace,,41000,Finance,"Austin, TX",6286
15,Oscar,45,870000,Management,"Denver, CO",4183
82,David,35,52000,IT,"Seattle, WA",5220
49,Will,28,40000,HR,"San Diego, CA",4226
65,Milo,29,39000,IT,"New York, NY",1178
83,Eva,26,36000,HR,"Houston, TX",9975
84,Frank,40,58000,Management,"San Antonio, TX",9598
85,Grace,,41000,Finance,"Chicago, IL",8959
81,Charlie,28,39000,Finance,"Columbus, OH",6626
58,Fahim,40,58000,Management,"Washington, DC",11795
57,Elena,26,36000,HR,"New York, NY",5406
1,Jonas,25,35000,HR,"Phoenix, AZ",8398
11,Kevin,31,43000,Sales,"Denver, CO",1700
8,Helen,29,39500,IT,"Phoenix, AZ",5855
45,Steve,32,44000,IT,"Columbus, OH",1616
91,Mark,29,39000,IT,"Austin, TX",6844
17,Queen,23,34000,Sales,"Indianapolis, IN",6430
86,Helen,29,39500,IT,"Indianapolis, IN",9590
21,Uma,26,36500,Finance,"Houston, TX",11482
39,Mark,29,39000,IT,"San Diego, CA",11336
28,nick,30,42000,IT,"Phoenix, AZ",1558
9,Ian,33,48000,HR,"Phoenix, AZ",7784
83,Eva,26,36000,HR,"New York, NY",1187
87,Ian,33,48000,HR,"Fort Worth, TX",6077
51,Yusuf,29,38000,IT,"Denver, CO",6090
37,Kevin,31,43000,Sales,"Columbus, OH",8652
22,Victor,27,38000,Sales,"Jacksonville, FL",7563
43,Quinn,25,35000,Sales,"Los Angeles, CA",9479
51,Yusuf,29,38000,IT,"Seattle, WA",11336
20,Tom,31,42000,IT,"Austin, TX",10856
96,Shila,,195000,HR,"San Antonio, TX",8895
91,Mark,29,39000,IT,"Denver, CO",11909
78,Zeena,26,36000,Sales,"Fort Worth, TX",2991
1,Jonas,25,35000,HR,"Dallas, TX",5322
72,Tara,27,37500,Finance,"Indianapolis, IN",10730
85,Grace,,41000,Finance,"Jacksonville, FL",7504
25,Yara,29,39500,Finance,"San Francisco, CA",7511
34,Helen,29,39500,IT,"New York, NY",6200
38,Linda,34,55000,Finance,"Chicago, IL",5362
57,Elena,26,36000,HR,"San Antonio, TX",5850
41,Oliver,36,50000,IT,"San Francisco, CA",9918
84,Frank,40,58000,Management,"Indianapolis, IN",9605
44,Rachel,30,41000,HR,"Indianapolis, IN",10111
8,Helen,29,39500,IT,"San Francisco, CA",11395
5,Eva,26,36000,HR,"Columbus, OH",855
93,Ovi,42,200000,IT,"Los Angeles, CA",3972
89,Kevin,31,43000,Sales,"Denver, CO",8932
75,Wali,28,40000,HR,"Washington, DC",10602
89,Kevin,31,43000,Sales,"Fort Worth, TX",10968
50,Xena,31,43000,Finance,"San Francisco, CA",8210
25,Yara,29,39500,Finance,"Phoenix, AZ",9312
85,Grace,,41000,Finance,"Columbus, OH",1354
26,Zack,32,45000,IT,"San Francisco, CA",11006
3,Charlie,28,39000,Finance,"Indianapolis, IN",11892
82,David,35,52000,IT,"Charlotte, NC",6863
93,Ovi,42,200000,IT,"Phoenix, AZ",7204
2,nick,30,42000,IT,"Seattle, WA",4124
57,Elena,26,36000,HR,"Philadelphia, PA",5946
50,Xena,31,43000,Finance,"Chicago, IL",9752
78,Zeena,26,36000,Sales,"Los Angeles, CA",9073
54,Bran,,42000,IT,"Denver, CO",6531
64,Lara,34,55000,Finance,"San Francisco, CA",6682
21,Uma,26,36500,Finance,"Columbus, OH",1632
21,Uma,26,36500,Finance,"Jacksonville, FL",2976
91,Mark,29,39000,IT,"Denver, CO",3635
6,Frank,40,58000,Management,"San Francisco, CA",11530
19,Sara,22,33000,HR,"Seattle, WA",2579
47,Usha,24,34500,Sales,"Fort Worth, TX",1444
80,nick,30,42000,IT,"Jacksonville, FL",6340
45,Steve,32,44000,IT,"New York, NY",4462
28,nick,30,42000,IT,"Denver, CO",7174
95,Rafa,41,220000,IT,"Philadelphia, PA",11221
46,Tina,27,37500,Finance,"Philadelphia, PA",1334
44,Rachel,30,41000,HR,"Phoenix, AZ",4250
38,Linda,34,55000,Finance,"San Diego, CA",4684
55,Clara,28,39000,Finance,"San Jose, CA",7678
97,Tito,39,250000,Sales,"San Francisco, CA",5668
4,David,35,52000,IT,"San Francisco, CA",5491
77,Yuri,29,38000,IT,"Columbus, OH",8646
42,Paul,29,38500,Finance,"San Francisco, CA",5790
70,Rima,30,41000,HR,"Fort Worth, TX",4738
12,Linda,34,55000,Finance,"Chicago, IL",8898
88,Julia,27,37000,IT,"Indianapolis, IN",8665
31,Eva,26,36000,HR,"Phoenix, AZ",4034
54,Bran,,42000,IT,"Dallas, TX",2552
84,Frank,40,58000,Management,"Phoenix, AZ",8651
19,Sara,22,33000,HR,"Dallas, TX",528
42,Paul,29,38500,Finance,"Philadelphia, PA",9905
59,Gina,,41000,Finance,"Charlotte, NC",8879
70,Rima,30,41000,HR,"Chicago, IL",2360
48,Varun,37,49500,IT,"San Antonio, TX",8434
36,Julia,27,37000,IT,"Houston, TX",3072
70,Rima,30,41000,HR,"Chicago, IL",8551
27,Jonas,25,35000,HR,"San Antonio, TX",6628
84,Frank,40,58000,Management,"San Jose, CA",4514
24,Xavier,55,950000,Management,"Columbus, OH",4752
83,Eva,26,36000,HR,"Fort Worth, TX",2627
59,Gina,,41000,Finance,"Los Angeles, CA",10583
18,Ron,60,1200000,Management,"San Diego, CA",3207
28,nick,30,42000,IT,"San Antonio, TX",10433
100,Wendy,30,40000,HR,"San Diego, CA",11365
86,Helen,29,39500,IT,"Fort Worth, TX",2313
44,Rachel,30,41000,HR,"Columbus, OH",8316
12,Linda,34,55000,Finance,"Charlotte, NC",8851
92,Nancy,,36000,HR,"Chicago, IL",9035
84,Frank,40,58000,Management,"Columbus, OH",8896
30,David,35,52000,IT,"New York, NY",11734
35,Ian,33,48000,HR,"Washington, DC",11577
29,Charlie,28,39000,Finance,"Houston, TX",8996
35,Ian,33,48000,HR,"Washington, DC",11409
11,Kevin,31,43000,Sales,"San Diego, CA",9091
21,Uma,26,36500,Finance,"Los Angeles, CA",6749
34,Helen,29,39500,IT,"Fort Worth, TX",6985
78,Zeena,26,36000,Sales,"Fort Worth, TX",9677
44,Rachel,30,41000,HR,"Fort Worth, TX",2305
4,David,35,52000,IT,"San Francisco, CA",5547
62,Jasmine,27,37000,IT,"Dallas, TX",6040
73,Umar,24,34500,Sales,"Phoenix, AZ",2596
50,Xena,31,43000,Finance,"San Antonio, TX",5837
24,Xavier,55,950000,Management,"Chicago, IL",1959
42,Paul,29,38500,Finance,"Charlotte, NC",7434
49,Will,28,40000,HR,"Philadelphia, PA",10037
79,Jonas,25,35000,HR,"Columbus, OH",8922
79,Jonas,25,35000,HR,"San Francisco, CA",4282
4,David,35,52000,IT,"Jacksonville, FL",4000
99,Varun,37,49500,IT,"San Antonio, TX",9574
7,Grace,,41000,Finance,"San Diego, CA",11465
31,Eva,26,36000,HR,"New York, NY",11023
66,Nina,,36000,HR,"Austin, TX",6105
5,Eva,26,36000,HR,"New York, NY",6919
11,Kevin,31,43000,Sales,"Denver, CO",9124
35,Ian,33,48000,HR,"Jacksonville, FL",9900
73,Umar,24,34500,Sales,"Washington, DC",8389
85,Grace,,41000,Finance,"San Francisco, CA",11372
22,Victor,27,38000,Sales,"Denver, CO",10955
79,Jonas,25,35000,HR,"Washington, DC",11694
14,Nancy,,36000,HR,"Columbus, OH",5738
65,Milo,29,39000,IT,"Washington, DC",11104
16,Peter,28,41000,Finance,"Washington, DC",2317
50,Xena,31,43000,Finance,"Denver, CO",8070
24,Xavier,55,950000,Management,"Columbus, OH",5603
90,Linda,34,55000,Finance,"Austin, TX",1117
26,Zack,32,45000,IT,"San Jose, CA",11197
14,Nancy,,36000,HR,"Austin, TX",9009
38,Linda,34,55000,Finance,"San Jose, CA",6785
97,Tito,39,250000,Sales,"San Antonio, TX",956
11,Kevin,31,43000,Sales,"San Jose, CA",1000
48,Varun,37,49500,IT,"Fort Worth, TX",8574
17,Queen,23,34000,Sales,"Phoenix, AZ",2815
52,Zara,26,36000,Sales,"San Antonio, TX",4374
71,Sham,32,44000,IT,"San Antonio, TX",7130
17,Queen,23,34000,Sales,"Philadelphia, PA",5473
94,Puja,38,185000,Finance,"San Francisco, CA",5274
43,Quinn,25,35000,Sales,"Washington, DC",1503
9,Ian,33,48000,HR,"Charlotte, NC",7348
38,Linda,34,55000,Finance,"Houston, TX",4696
45,Steve,32,44000,IT,"San Antonio, TX",7215
7,Grace,,41000,Finance,"Seattle, WA",1566
88,Julia,27,37000,IT,"San Antonio, TX",5216
38,Linda,34,55000,Finance,"Indianapolis, IN",10320
74,Vivi,37,49500,IT,"San Jose, CA",7108
33,Grace,,41000,Finance,"San Diego, CA",3734
6,Frank,40,58000,Management,"Charlotte, NC",6994
50,Xena,31,43000,Finance,"Dallas, TX",10973
8,Helen,29,39500,IT,"Columbus, OH",4998
15,Oscar,45,870000,Management,"Columbus, OH",11090
25,Yara,29,39500,Finance,"Chicago, IL",11930
47,Usha,24,34500,Sales,"Los Angeles, CA",5767
93,Ovi,42,200000,IT,"Phoenix, AZ",6671
28,nick,30,42000,IT,"Washington, DC",8595
100,Wendy,30,40000,HR,"Indianapolis, IN",4169
55,Clara,28,39000,Finance,"Phoenix, AZ",5215
84,Frank,40,58000,Management,"San Antonio, TX",10157
98,Usha,24,34500,Sales,"Dallas, TX",6569
70,Rima,30,41000,HR,"Seattle, WA",2461
80,nick,30,42000,IT,"Philadelphia, PA",1375
11,Kevin,31,43000,Sales,"Dallas, TX",9234
67,Olga,36,50000,IT,"Denver, CO",4016
1,Jonas,25,35000,HR,"San Antonio, TX",4365
41,Oliver,36,50000,IT,"Phoenix, AZ",4999
58,Fahim,40,58000,Management,"Seattle, WA",9710
31,Eva,26,36000,HR,"Los Angeles, CA",7733
47,Usha,24,34500,Sales,"Indianapolis, IN",10120
71,Sham,32,44000,IT,"Washington, DC",6447
61,Ilham,33,48000,HR,"Washington, DC",1074
56,Duke,35,52000,IT,"Phoenix, AZ",1958
39,Mark,29,39000,IT,"Charlotte, NC",7895
16,Peter,28,41000,Finance,"San Diego, CA",10191
6,Frank,40,58000,Management,"San Jose, CA",10183
72,Tara,27,37500,Finance,"San Antonio, TX",3672
54,Bran,,42000,IT,"Houston, TX",2970
6,Frank,40,58000,Management,"Denver, CO",3927
66,Nina,,36000,HR,"Seattle, WA",8298
12,Linda,34,55000,Finance,"Indianapolis, IN",8236
61,Ilham,33,48000,HR,"Houston, TX",11207
69,Qadir,25,35000,Sales,"Indianapolis, IN",4706
43,Quinn,25,35000,Sales,"Columbus, OH",2700
47,Usha,24,34500,Sales,"Chicago, IL",3464
24,Xavier,55,950000,Management,"Chicago, IL",7405
41,Oliver,36,50000,IT,"San Francisco, CA",3813
73,Umar,24,34500,Sales,"San Diego, CA",3427
92,Nancy,,36000,HR,"Los Angeles, CA",9373
57,Elena,26,36000,HR,"Austin, TX",8970
60,Harry,29,39500,IT,"Seattle, WA",4958
10,Julia,27,37000,IT,"Columbus, OH",2148
26,Zack,32,45000,IT,"Philadelphia, PA",6027
48,Varun,37,49500,IT,"Seattle, WA",9850
8,Helen,29,39500,IT,"San Diego, CA",8684
12,Linda,34,55000,Finance,"New York, NY",2841
99,Varun,37,49500,IT,"Los Angeles, CA",2018
36,Julia,27,37000,IT,"Columbus, OH",2338
92,Nancy,,36000,HR,"Chicago, IL",1370
52,Zara,26,36000,Sales,"Columbus, OH",6038
51,Yusuf,29,38000,IT,"San Antonio, TX",11969
20,Tom,31,42000,IT,"Charlotte, NC",10033
99,Varun,37,49500,IT,"Fort Worth, TX",10998
55,Clara,28,39000,Finance,"Fort Worth, TX",5977
7,Grace,,41000,Finance,"Los Angeles, CA",9863
68,Pari,29,38500,Finance,"Denver, CO",1628
67,Olga,36,50000,IT,"New York, NY",6999
16,Peter,28,41000,Finance,"Columbus, OH",1784
31,Eva,26,36000,HR,"Denver, CO",9262
100,Wendy,30,40000,HR,"Fort Worth, TX",3364
7,Grace,,41000,Finance,"San Francisco, CA",6545
60,Harry,29,39500,IT,"San Diego, CA",11833
68,Pari,29,38500,Finance,"Houston, TX",2477
14,Nancy,,36000,HR,"Denver, CO",9138
97,Tito,39,250000,Sales,"New York, NY",9972
89,Kevin,31,43000,Sales,"Seattle, WA",5539
79,Jonas,25,35000,HR,"San Diego, CA",7539
4,David,35,52000,IT,"Philadelphia, PA",9328
80,nick,30,42000,IT,"Los Angeles, CA",3473
66,Nina,,36000,HR,"Jacksonville, FL",5126
50,Xena,31,43000,Finance,"Los Angeles, CA",618
55,Clara,28,39000,Finance,"Dallas, TX",8499
74,Vivi,37,49500,IT,"Chicago, IL",2792
49,Will,28,40000,HR,"New York, NY",2604
13,Mark,29,39000,IT,"San Antonio, TX",1567
4,David,35,52000,IT,"Phoenix, AZ",923
37,Kevin,31,43000,Sales,"Los Angeles, CA",4319
15,Oscar,45,870000,Management,"Jacksonville, FL",8203
9,Ian,33,48000,HR,"San Diego, CA",1780
46,Tina,27,37500,Finance,"Columbus, OH",10511
1,Jonas,25,35000,HR,"Seattle, WA",3932
3,Charlie,28,39000,Finance,"Dallas, TX",1262
54,Bran,,42000,IT,"Chicago, IL",2129
17,Queen,23,34000,Sales,"Chicago, IL",5999
99,Varun,37,49500,IT,"Los Angeles, CA",9134
97,Tito,39,250000,Sales,"Jacksonville, FL",3514
72,Tara,27,37500,Finance,"Phoenix, AZ",11273
96,Shila,,195000,HR,"New York, NY",1997
18,Ron,60,1200000,Management,"New York, NY",8780
17,Queen,23,34000,Sales,"Jacksonville, FL",10941
95,Rafa,41,220000,IT,"San Antonio, TX",9671
39,Mark,29,39000,IT,"Jacksonville, FL",9153
97,Tito,39,250000,Sales,"Phoenix, AZ",4052
49,Will,28,40000,HR,"Columbus, OH",11448
99,Varun,37,49500,IT,"Dallas, TX",11193
52,Zara,26,36000,Sales,"Los Angeles, CA",8137
30,David,35,52000,IT,"Austin, TX",9071
90,Linda,34,55000,Finance,"Fort Worth, TX",4996
97,Tito,39,250000,Sales,"Charlotte, NC",5146
75,Wali,28,40000,HR,"Fort Worth, TX",3483
41,Oliver,36,50000,IT,"San Diego, CA",3560
13,Mark,29,39000,IT,"San Francisco, CA",8334
62,Jasmine,27,37000,IT,"Jacksonville, FL",7304
75,Wali,28,40000,HR,"Chicago, IL",8010
66,Nina,,36000,HR,"San Antonio, TX",3450
28,nick,30,42000,IT,"San Diego, CA",5040
54,Bran,,42000,IT,"Indianapolis, IN",7918
58,Fahim,40,58000,Management,"Indianapolis, IN",6563
47,Usha,24,34500,Sales,"Denver, CO",10623
32,Frank,40,58000,Management,"Philadelphia, PA",8161
24,Xavier,55,950000,Management,"Fort Worth, TX",3921
47,Usha,24,34500,Sales,"Denver, CO",2490
94,Puja,38,185000,Finance,"Seattle, WA",4356
5,Eva,26,36000,HR,"Houston, TX",1982
19,Sara,22,33000,HR,"Chicago, IL",3045
20,Tom,31,42000,IT,"Indianapolis, IN",4720
27,Jonas,25,35000,HR,"Washington, DC",11507
25,Yara,29,39500,Finance,"San Francisco, CA",1142
2,nick,30,42000,IT,"San Francisco, CA",4418
92,Nancy,,36000,HR,"Austin, TX",2086
92,Nancy,,36000,HR,"Philadelphia, PA",2909
37,Kevin,31,43000,Sales,"Jacksonville, FL",7004
71,Sham,32,44000,IT,"Seattle, WA",554
5,Eva,26,36000,HR,"New York, NY",1341
88,Julia,27,37000,IT,"San Francisco, CA",7428
72,Tara,27,37500,Finance,"Indianapolis, IN",5087
80,nick,30,42000,IT,"Phoenix, AZ",9676
29,Charlie,28,39000,Finance,"Chicago, IL",11312
73,Umar,24,34500,Sales,"Philadelphia, PA",3406
57,Elena,26,36000,HR,"San Jose, CA",5588
79,Jonas,25,35000,HR,"Indianapolis, IN",10686
68,Pari,29,38500,Finance,"New York, NY",10624
29,Charlie,28,39000,Finance,"San Diego, CA",5556
42,Paul,29,38500,Finance,"Denver, CO",6482
95,Rafa,41,220000,IT,"Indianapolis, IN",2772
48,Varun,37,49500,IT,"Fort Worth, TX",6641
64,Lara,34,55000,Finance,"Chicago, IL",8515
80,nick,30,42000,IT,"San Jose, CA",8794
79,Jonas,25,35000,HR,"Charlotte, NC",9661
75,Wali,28,40000,HR,"San Antonio, TX",1571
22,Victor,27,38000,Sales,"Fort Worth, TX",1236
60,Harry,29,39500,IT,"Chicago, IL",10057
93,Ovi,42,200000,IT,"San Diego, CA",6876
65,Milo,29,39000,IT,"Philadelphia, PA",8249
34,Helen,29,39500,IT,"Indianapolis, IN",4130
52,Zara,26,36000,Sales,"Washington, DC",727
98,Usha,24,34500,Sales,"Jacksonville, FL",7165
13,Mark,29,39000,IT,"Jacksonville, FL",6211
57,Elena,26,36000,HR,"Washington, DC",6656
88,Julia,27,37000,IT,"Seattle, WA",4070
14,Nancy,,36000,HR,"Fort Worth, TX",9136
87,Ian,33,48000,HR,"Chicago, IL",8493
62,Jasmine,27,37000,IT,"San Antonio, TX",2119
69,Qadir,25,35000,Sales,"Chicago, IL",2704
92,Nancy,,36000,HR,"San Diego, CA",3203
11,Kevin,31,43000,Sales,"Indianapolis, IN",11742
97,Tito,39,250000,Sales,"Philadelphia, PA",8242
71,Sham,32,44000,IT,"San Antonio, TX",8074
19,Sara,22,33000,HR,"Houston, TX",9873
26,Zack,32,45000,IT,"New York, NY",11948
18,Ron,60,1200000,Management,"Washington, DC",1297
77,Yuri,29,38000,IT,"Austin, TX",9526
37,Kevin,31,43000,Sales,"Seattle, WA",3499
76,Xiya,31,43000,Finance,"Indianapolis, IN",10724
66,Nina,,36000,HR,"Houston, TX",3264
11,Kevin,31,43000,Sales,"Philadelphia, PA",11101
4,David,35,52000,IT,"Seattle, WA",4184
42,Paul,29,38500,Finance,"Jacksonville, FL",11967
80,nick,30,42000,IT,"San Antonio, TX",8699
10,Julia,27,37000,IT,"Indianapolis, IN",11211
33,Grace,,41000,Finance,"Houston, TX",10911
38,Linda,34,55000,Finance,"Washington, DC",6739
95,Rafa,41,220000,IT,"Dallas, TX",4374
99,Varun,37,49500,IT,"Chicago, IL",3829
59,Gina,,41000,Finance,"Charlotte, NC",6569
58,Fahim,40,58000,Management,"Charlotte, NC",6084
38,Linda,34,55000,Finance,"Houston, TX",9305
99,Varun,37,49500,IT,"Indianapolis, IN",9380
70,Rima,30,41000,HR,"Charlotte, NC",9589
2,nick,30,42000,IT,"Phoenix, AZ",8801
40,Nancy,,36000,HR,"Fort Worth, TX",11704
6,Frank,40,58000,Management,"San Diego, CA",11610
22,Victor,27,38000,Sales,"San Diego, CA",1660
79,Jonas,25,35000,HR,"Charlotte, NC",4110
47,Usha,24,34500,Sales,"Houston, TX",5244
37,Kevin,31,43000,Sales,"Phoenix, AZ",7831
28,nick,30,42000,IT,"Denver, CO",2503
38,Linda,34,55000,Finance,"San Diego, CA",8535
20,Tom,31,42000,IT,"Jacksonville, FL",2027
55,Clara,28,39000,Finance,"San Francisco, CA",7818
43,Quinn,25,35000,Sales,"Chicago, IL",10605
59,Gina,,41000,Finance,"Dallas, TX",11873
4,David,35,52000,IT,"Fort Worth, TX",7734
67,Olga,36,50000,IT,"Austin, TX",5669
80,nick,30,42000,IT,"Los Angeles, CA",11555
29,Charlie,28,39000,Finance,"Seattle, WA",5110
50,Xena,31,43000,Finance,"San Francisco, CA",7221
74,Vivi,37,49500,IT,"Fort Worth, TX",9197
72,Tara,27,37500,Finance,"Columbus, OH",4750
53,Amy,25,35000,HR,"Washington, DC",10698
43,Quinn,25,35000,Sales,"Dallas, TX",7126
30,David,35,52000,IT,"Phoenix, AZ",3355
55,Clara,28,39000,Finance,"Columbus, OH",4464
31,Eva,26,36000,HR,"San Diego, CA",8435
10,Julia,27,37000,IT,"Jacksonville, FL",2174
93,Ovi,42,200000,IT,"Indianapolis, IN",9882
54,Bran,,42000,IT,"Austin, TX",2892
55,Clara,28,39000,Finance,"Seattle, WA",7378
28,nick,30,42000,IT,"Philadelphia, PA",2421
3,Charlie,28,39000,Finance,"New York, NY",11384
47,Usha,24,34500,Sales,"Seattle, WA",4933
97,Tito,39,250000,Sales,"Philadelphia, PA",2327
79,Jonas,25,35000,HR,"Chicago, IL",11191
34,Helen,29,39500,IT,"Phoenix, AZ",1216
34,Helen,29,39500,IT,"Denver, CO",1130
26,Zack,32,45000,IT,"Phoenix, AZ",5360
31,Eva,26,36000,HR,"Houston, TX",8776
15,Oscar,45,870000,Management,"Washington, DC",4268
12,Linda,34,55000,Finance,"Fort Worth, TX",9428
49,Will,28,40000,HR,"Phoenix, AZ",3207
33,Grace,,41000,Finance,"Denver, CO",8918
91,Mark,29,39000,IT,"Los Angeles, CA",3857
66,Nina,,36000,HR,"San Francisco, CA",9999
98,Usha,24,34500,Sales,"Austin, TX",8360
22,Victor,27,38000,Sales,"Austin, TX",4704
42,Paul,29,38500,Finance,"Houston, TX",4730
59,Gina,,41000,Finance,"Phoenix, AZ",5533
73,Umar,24,34500,Sales,"Phoenix, AZ",4886
76,Xiya,31,43000,Finance,"Phoenix, AZ",8657
99,Varun,37,49500,IT,"Los Angeles, CA",8175
94,Puja,38,185000,Finance,"Fort Worth, TX",10344
49,Will,28,40000,HR,"San Antonio, TX",2367
36,Julia,27,37000,IT,"Fort Worth, TX",7465
22,Victor,27,38000,Sales,"Austin, TX",7696
32,Frank,40,58000,Management,"Chicago, IL",526
33,Grace,,41000,Finance,"Austin, TX",6656
38,Linda,34,55000,Finance,"Columbus, OH",9624
88,Julia,27,37000,IT,"Seattle, WA",7088
89,Kevin,31,43000,Sales,"Fort Worth, TX",6267
34,Helen,29,39500,IT,"Seattle, WA",966
43,Quinn,25,35000,Sales,"Fort Worth, TX",8189
1,Jonas,25,35000,HR,"Los Angeles, CA",3200
60,Harry,29,39500,IT,"Columbus, OH",10190
66,Nina,,36000,HR,"Washington, DC",9309
75,Wali,28,40000,HR,"Charlotte, NC",4277
5,Eva,26,36000,HR,"Austin, TX",3187
67,Olga,36,50000,IT,"Houston, TX",5832
60,Harry,29,39500,IT,"San Antonio, TX",7306
64,Lara,34,55000,Finance,"Houston, TX",5556
59,Gina,,41000,Finance,"Austin, TX",10196
23,Wendy,30,40000,HR,"Chicago, IL",679
66,Nina,,36000,HR,"Chicago, IL",8496
43,Quinn,25,35000,Sales,"Austin, TX",11277
51,Yusuf,29,38000,IT,"Dallas, TX",10761
74,Vivi,37,49500,IT,"Phoenix, AZ",5964
74,Vivi,37,49500,IT,"Dallas, TX",7220
84,Frank,40,58000,Management,"Indianapolis, IN",1421
30,David,35,52000,IT,"Indianapolis, IN",3592
63,Kamran,31,43000,Sales,"San Antonio, TX",6027
91,Mark,29,39000,IT,"Dallas, TX",10202
39,Mark,29,39000,IT,"Indianapolis, IN",11968
36,Julia,27,37000,IT,"Columbus, OH",7965
8,Helen,29,39500,IT,"New York, NY",3219
93,Ovi,42,200000,IT,"Chicago, IL",8613
45,Steve,32,44000,IT,"Columbus, OH",9715
55,Clara,28,39000,Finance,"Columbus, OH",651
56,Duke,35,52000,IT,"Jacksonville, FL",8704
79,Jonas,25,35000,HR,"San Francisco, CA",9406
3,Charlie,28,39000,Finance,"Indianapolis, IN",11842
24,Xavier,55,950000,Management,"Washington, DC",4125
98,Usha,24,34500,Sales,"New York, NY",8940
82,David,35,52000,IT,"Washington, DC",1644
14,Nancy,,36000,HR,"New York, NY",4982
91,Mark,29,39000,IT,"Philadelphia, PA",5034
82,David,35,52000,IT,"Charlotte, NC",1220
63,Kamran,31,43000,Sales,"Columbus, OH",5068
67,Olga,36,50000,IT,"Fort Worth, TX",3729
23,Wendy,30,40000,HR,"San Francisco, CA",1506
44,Rachel,30,41000,HR,"New York, NY",5228
15,Oscar,45,870000,Management,"Chicago, IL",11990
55,Clara,28,39000,Finance,"Austin, TX",11160
60,Harry,29,39500,IT,"Denver, CO",7599
97,Tito,39,250000,Sales,"Fort Worth, TX",7616
32,Frank,40,58000,Management,"Denver, CO",4313
49,Will,28,40000,HR,"Houston, TX",1037
100,Wendy,30,40000,HR,"Charlotte, NC",11516
4,David,35,52000,IT,"Phoenix, AZ",3185
74,Vivi,37,49500,IT,"San Diego, CA",2480
42,Paul,29,38500,Finance,"Columbus, OH",6406
81,Charlie,28,39000,Finance,"New York, NY",1039
85,Grace,,41000,Finance,"Jacksonville, FL",7546
35,Ian,33,48000,HR,"Fort Worth, TX",11891
41,Oliver,36,50000,IT,"Charlotte, NC",7761
20,Tom,31,42000,IT,"Dallas, TX",9175
91,Mark,29,39000,IT,"Charlotte, NC",9720
77,Yuri,29,38000,IT,"Jacksonville, FL",6800
6,Frank,40,58000,Management,"San Jose, CA",551
39,Mark,29,39000,IT,"Indianapolis, IN",8934
89,Kevin,31,43000,Sales,"New York, NY",2186
73,Umar,24,34500,Sales,"New York, NY",3321
6,Frank,40,58000,Management,"Phoenix, AZ",7063
65,Milo,29,39000,IT,"Los Angeles, CA",8620
41,Oliver,36,50000,IT,"Charlotte, NC",8596
6,Frank,40,58000,Management,"Philadelphia, PA",10532
75,Wali,28,40000,HR,"San Jose, CA",9116
56,Duke,35,52000,IT,"Washington, DC",10819
18,Ron,60,1200000,Management,"New York, NY",9386
61,Ilham,33,48000,HR,"Denver, CO",9045
55,Clara,28,39000,Finance,"San Jose, CA",4190
54,Bran,,42000,IT,"New York, NY",2189
89,Kevin,31,43000,Sales,"Phoenix, AZ",8984
83,Eva,26,36000,HR,"San Antonio, TX",1216
79,Jonas,25,35000,HR,"New York, NY",7783
99,Varun,37,49500,IT,"Jacksonville, FL",5075
86,Helen,29,39500,IT,"Jacksonville, FL",5072
77,Yuri,29,38000,IT,"Seattle, WA",11170
54,Bran,,42000,IT,"Seattle, WA",11056
90,Linda,34,55000,Finance,"Denver, CO",1137
14,Nancy,,36000,HR,"San Francisco, CA",8479
4,David,35,52000,IT,"Los Angeles, CA",11097
71,Sham,32,44000,IT,"Austin, TX",9991
59,Gina,,41000,Finance,"San Diego, CA",4448
77,Yuri,29,38000,IT,"Denver, CO",9381
24,Xavier,55,950000,Management,"Los Angeles, CA",6050
30,David,35,52000,IT,"Washington, DC",11298
13,Mark,29,39000,IT,"Phoenix, AZ",9403
44,Rachel,30,41000,HR,"Indianapolis, IN",11302
32,Frank,40,58000,Management,"Seattle, WA",9130
82,David,35,52000,IT,"Phoenix, AZ",3841
28,nick,30,42000,IT,"Seattle, WA",6050
53,Amy,25,35000,HR,"New York, NY",11784
74,Vivi,37,49500,IT,"Fort Worth, TX",4738
11,Kevin,31,43000,Sales,"Washington, DC",2283
67,Olga,36,50000,IT,"Jacksonville, FL",9559
26,Zack,32,45000,IT,"New York, NY",1988
6,Frank,40,58000,Management,"San Antonio, TX",7660
26,Zack,32,45000,IT,"San Francisco, CA",967
94,Puja,38,185000,Finance,"San Jose, CA",6083
45,Steve,32,44000,IT,"Austin, TX",1917
21,Uma,26,36500,Finance,"Jacksonville, FL",6405
51,Yusuf,29,38000,IT,"Chicago, IL",2276
82,David,35,52000,IT,"Seattle, WA",1581
77,Yuri,29,38000,IT,"New York, NY",3425
37,Kevin,31,43000,Sales,"Seattle, WA",4584
68,Pari,29,38500,Finance,"Philadelphia, PA",8128
69,Qadir,25,35000,Sales,"Charlotte, NC",6695
17,Queen,23,34000,Sales,"Seattle, WA",1511
81,Charlie,28,39000,Finance,"San Antonio, TX",8402
58,Fahim,40,58000,Management,"San Jose, CA",1313
29,Charlie,28,39000,Finance,"New York, NY",11008
56,Duke,35,52000,IT,"Charlotte, NC",10835
1,Jonas,25,35000,HR,"Chicago, IL",772
28,nick,30,42000,IT,"San Jose, CA",4144
58,Fahim,40,58000,Management,"Dallas, TX",2216
5,Eva,26,36000,HR,"Phoenix, AZ",6776
48,Varun,37,49500,IT,"Houston, TX",11667
67,Olga,36,50000,IT,"Fort Worth, TX",6732
30,David,35,52000,IT,"Washington, DC",7328
33,Grace,,41000,Finance,"Charlotte, NC",856
55,Clara,28,39000,Finance,"San Jose, CA",703
96,Shila,,195000,HR,"San Francisco, CA",4245
23,Wendy,30,40000,HR,"Austin, TX",2096
11,Kevin,31,43000,Sales,"Fort Worth, TX",7114
52,Zara,26,36000,Sales,"Jacksonville, FL",996
78,Zeena,26,36000,Sales,"Chicago, IL",562
37,Kevin,31,43000,Sales,"Indianapolis, IN",2079
55,Clara,28,39000,Finance,"San Jose, CA",9231
11,Kevin,31,43000,Sales,"Houston, TX",4793
57,Elena,26,36000,HR,"Washington, DC",5376
93,Ovi,42,200000,IT,"Austin, TX",8350
46,Tina,27,37500,Finance,"San Jose, CA",4625
96,Shila,,195000,HR,"Phoenix, AZ",3213
47,Usha,24,34500,Sales,"Philadelphia, PA",5828
21,Uma,26,36500,Finance,"San Jose, CA",9772
31,Eva,26,36000,HR,"Columbus, OH",10547
32,Frank,40,58000,Management,"Washington, DC",8387
9,Ian,33,48000,HR,"San Diego, CA",3879
81,Charlie,28,39000,Finance,"Indianapolis, IN",2098
9,Ian,33,48000,HR,"Washington, DC",8133
98,Usha,24,34500,Sales,"Columbus, OH",10320
45,Steve,32,44000,IT,"San Diego, CA",3678
55,Clara,28,39000,Finance,"San Francisco, CA",8544
7,Grace,,41000,Finance,"Chicago, IL",11339
32,Frank,40,58000,Management,"Columbus, OH",5613
49,Will,28,40000,HR,"Los Angeles, CA",3872
20,Tom,31,42000,IT,"Phoenix, AZ",7263
4,David,35,52000,IT,"Fort Worth, TX",1569
91,Mark,29,39000,IT,"Denver, CO",3276
67,Olga,36,50000,IT,"New York, NY",1692
37,Kevin,31,43000,Sales,"Jacksonville, FL",1313
65,Milo,29,39000,IT,"San Antonio, TX",1652
53,Amy,25,35000,HR,"New York, NY",6332
85,Grace,,41000,Finance,"Phoenix, AZ",11447
92,Nancy,,36000,HR,"San Antonio, TX",2383
86,Helen,29,39500,IT,"Denver, CO",767
94,Puja,38,185000,Finance,"Houston, TX",4171
71,Sham,32,44000,IT,"Seattle, WA",3312
97,Tito,39,250000,Sales,"San Francisco, CA",7062
29,Charlie,28,39000,Finance,"San Diego, CA",7513
48,Varun,37,49500,IT,"New York, NY",5677
63,Kamran,31,43000,Sales,"Fort Worth, TX",4585
96,Shila,,195000,HR,"Washington, DC",883
54,Bran,,42000,IT,"Denver, CO",3350
90,Linda,34,55000,Finance,"Seattle, WA",7221
99,Varun,37,49500,IT,"San Francisco, CA",7583
19,Sara,22,33000,HR,"Denver, CO",1549
99,Varun,37,49500,IT,"Philadelphia, PA",2333
86,Helen,29,39500,IT,"Jacksonville, FL",9489
63,Kamran,31,43000,Sales,"Columbus, OH",4967
21,Uma,26,36500,Finance,"Houston, TX",3475
94,Puja,38,185000,Finance,"San Antonio, TX",5655
6,Frank,40,58000,Management,"Indianapolis, IN",8198
96,Shila,,195000,HR,"Fort Worth, TX",8500
16,Peter,28,41000,Finance,"Jacksonville, FL",1790
9,Ian,33,48000,HR,"Chicago, IL",8461
87,Ian,33,48000,HR,"Denver, CO",8099
22,Victor,27,38000,Sales,"San Antonio, TX",7686
14,Nancy,,36000,HR,"San Jose, CA",8006
26,Zack,32,45000,IT,"San Jose, CA",2687
60,Harry,29,39500,IT,"Austin, TX",8758
1,Jonas,25,35000,HR,"Fort Worth, TX",10084
4,David,35,52000,IT,"Austin, TX",8291
76,Xiya,31,43000,Finance,"Dallas, TX",11713
74,Vivi,37,49500,IT,"Charlotte, NC",7270
22,Victor,27,38000,Sales,"San Diego, CA",10393
77,Yuri,29,38000,IT,"Denver, CO",9270
53,Amy,25,35000,HR,"Denver, CO",8434
49,Will,28,40000,HR,"Columbus, OH",2105
3,Charlie,28,39000,Finance,"Charlotte, NC",8487
30,David,35,52000,IT,"Fort Worth, TX",7665
68,Pari,29,38500,Finance,"Houston, TX",6554
22,Victor,27,38000,Sales,"Phoenix, AZ",10670
83,Eva,26,36000,HR,"Indianapolis, IN",5005
88,Julia,27,37000,IT,"Jacksonville, FL",11572
86,Helen,29,39500,IT,"Jacksonville, FL",7747
89,Kevin,31,43000,Sales,"New York, NY",6307
49,Will,28,40000,HR,"San Francisco, CA",6756
89,Kevin,31,43000,Sales,"Houston, TX",11362
49,Will,28,40000,HR,"Indianapolis, IN",8551
87,Ian,33,48000,HR,"Houston, TX",4784
14,Nancy,,36000,HR,"Washington, DC",2654
85,Grace,,41000,Finance,"San Jose, CA",8242
51,Yusuf,29,38000,IT,"Indianapolis, IN",3304
88,Julia,27,37000,IT,"San Francisco, CA",2720
99,Varun,37,49500,IT,"Philadelphia, PA",9690
45,Steve,32,44000,IT,"New York, NY",1221
46,Tina,27,37500,Finance,"Seattle, WA",9906
46,Tina,27,37500,Finance,"San Antonio, TX",10385
17,Queen,23,34000,Sales,"Austin, TX",7474
71,Sham,32,44000,IT,"Houston, TX",6303
88,Julia,27,37000,IT,"Columbus, OH",3894
11,Kevin,31,43000,Sales,"Fort Worth, TX",4525
38,Linda,34,55000,Finance,"Fort Worth, TX",8628
71,Sham,32,44000,IT,"Fort Worth, TX",5656
78,Zeena,26,36000,Sales,"New York, NY",11495
74,Vivi,37,49500,IT,"Washington, DC",10922
53,Amy,25,35000,HR,"Denver, CO",5312
31,Eva,26,36000,HR,"Chicago, IL",9150
13,Mark,29,39000,IT,"New York, NY",10393
37,Kevin,31,43000,Sales,"Jacksonville, FL",9318
45,Steve,32,44000,IT,"New York, NY",2956
28,nick,30,42000,IT,"Seattle, WA",706
56,Duke,35,52000,IT,"New York, NY",1856
43,Quinn,25,35000,Sales,"Austin, TX",7961
75,Wali,28,40000,HR,"San Francisco, CA",7656
54,Bran,,42000,IT,"Los Angeles, CA",8651
81,Charlie,28,39000,Finance,"Jacksonville, FL",10631
29,Charlie,28,39000,Finance,"Dallas, TX",11487
45,Steve,32,44000,IT,"Houston, TX",7022
32,Frank,40,58000,Management,"San Antonio, TX",3173
98,Usha,24,34500,Sales,"Columbus, OH",1549
45,Steve,32,44000,IT,"Austin, TX",7323
65,Milo,29,39000,IT,"Philadelphia, PA",3091
40,Nancy,,36000,HR,"Austin, TX",7376
23,Wendy,30,40000,HR,"Phoenix, AZ",4504
92,Nancy,,36000,HR,"Jacksonville, FL",6473
13,Mark,29,39000,IT,"Charlotte, NC",8782
85,Grace,,41000,Finance,"Denver, CO",9167
64,Lara,34,55000,Finance,"Los Angeles, CA",8556
61,Ilham,33,48000,HR,"Houston, TX",2546
60,Harry,29,39500,IT,"Philadelphia, PA",5807
94,Puja,38,185000,Finance,"Phoenix, AZ",8236
60,Harry,29,39500,IT,"Seattle, WA",4190
30,David,35,52000,IT,"Phoenix, AZ",3766
59,Gina,,41000,Finance,"San Jose, CA",5129
17,Queen,23,34000,Sales,"Phoenix, AZ",3245
93,Ovi,42,200000,IT,"Fort Worth, TX",7523
91,Mark,29,39000,IT,"Seattle, WA",8776
28,nick,30,42000,IT,"Seattle, WA",3139
69,Qadir,25,35000,Sales,"Columbus, OH",5436
74,Vivi,37,49500,IT,"Philadelphia, PA",576
39,Mark,29,39000,IT,"Denver, CO",6973
12,Linda,34,55000,Finance,"Charlotte, NC",11122
35,Ian,33,48000,HR,"Austin, TX",4004
60,Harry,29,39500,IT,"San Diego, CA",2924
19,Sara,22,33000,HR,"San Antonio, TX",6984
13,Mark,29,39000,IT,"Dallas, TX",5796
44,Rachel,30,41000,HR,"New York, NY",7067
37,Kevin,31,43000,Sales,"Houston, TX",6586
62,Jasmine,27,37000,IT,"Fort Worth, TX",2721
19,Sara,22,33000,HR,"Austin, TX",905
13,Mark,29,39000,IT,"Philadelphia, PA",2629
81,Charlie,28,39000,Finance,"San Diego, CA",7334
64,Lara,34,55000,Finance,"Chicago, IL",897
8,Helen,29,39500,IT,"Indianapolis, IN",10492
79,Jonas,25,35000,HR,"New York, NY",3973
46,Tina,27,37500,Finance,"Seattle, WA",10500
74,Vivi,37,49500,IT,"Columbus, OH",5489
54,Bran,,42000,IT,"Philadelphia, PA",4426
82,David,35,52000,IT,"Denver, CO",2444
14,Nancy,,36000,HR,"Washington, DC",9129
100,Wendy,30,40000,HR,"Seattle, WA",5891
99,Varun,37,49500,IT,"Houston, TX",5899
71,Sham,32,44000,IT,"Austin, TX",722
63,Kamran,31,43000,Sales,"Dallas, TX",2110
93,Ovi,42,200000,IT,"Dallas, TX",8330
10,Julia,27,37000,IT,"Seattle, WA",10652
9,Ian,33,48000,HR,"Washington, DC",5104
50,Xena,31,43000,Finance,"Phoenix, AZ",4500
2,nick,30,42000,IT,"San Antonio, TX",3164
68,Pari,29,38500,Finance,"Philadelphia, PA",1565
6,Frank,40,58000,Management,"Columbus, OH",5864
62,Jasmine,27,37000,IT,"Philadelphia, PA",9968
34,Helen,29,39500,IT,"New York, NY",5893
96,Shila,,195000,HR,"Indianapolis, IN",7602
37,Kevin,31,43000,Sales,"Charlotte, NC",8001
32,Frank,40,58000,Management,"Chicago, IL",1103
83,Eva,26,36000,HR,"Columbus, OH",5630
46,Tina,27,37500,Finance,"San Antonio, TX",6795
68,Pari,29,38500,Finance,"Houston, TX",8880
17,Queen,23,34000,Sales,"San Jose, CA",7603
55,Clara,28,39000,Finance,"Columbus, OH",9367
77,Yuri,29,38000,IT,"Austin, TX",1137
87,Ian,33,48000,HR,"Seattle, WA",10688
67,Olga,36,50000,IT,"Denver, CO",2344
55,Clara,28,39000,Finance,"Jacksonville, FL",546
14,Nancy,,36000,HR,"Seattle, WA",1319
12,Linda,34,55000,Finance,"San Diego, CA",4307
62,Jasmine,27,37000,IT,"Washington, DC",3522
45,Steve,32,44000,IT,"Houston, TX",1580
67,Olga,36,50000,IT,"Los Angeles, CA",3646
94,Puja,38,185000,Finance,"Dallas, TX",1777
70,Rima,30,41000,HR,"Phoenix, AZ",7241
35,Ian,33,48000,HR,"Los Angeles, CA",2717
89,Kevin,31,43000,Sales,"Fort Worth, TX",5765
20,Tom,31,42000,IT,"San Antonio, TX",3386
94,Puja,38,185000,Finance,"Washington, DC",6134
94,Puja,38,185000,Finance,"Phoenix, AZ",9487
58,Fahim,40,58000,Management,"Dallas, TX",3828
95,Rafa,41,220000,IT,"Columbus, OH",7793
5,Eva,26,36000,HR,"Denver, CO",3506
33,Grace,,41000,Finance,"Austin, TX",11876
80,nick,30,42000,IT,"Austin, TX",7458
77,Yuri,29,38000,IT,"Phoenix, AZ",8472
85,Grace,,41000,Finance,"Jacksonville, FL",11081
89,Kevin,31,43000,Sales,"Houston, TX",4643
11,Kevin,31,43000,Sales,"San Diego, CA",6017
61,Ilham,33,48000,HR,"San Antonio, TX",1718
15,Oscar,45,870000,Management,"Washington, DC",8518
73,Umar,24,34500,Sales,"Seattle, WA",10452
22,Victor,27,38000,Sales,"Columbus, OH",9416
23,Wendy,30,40000,HR,"San Jose, CA",1844
2,nick,30,42000,IT,"Dallas, TX",637
35,Ian,33,48000,HR,"Denver, CO",4950
41,Oliver,36,50000,IT,"Jacksonville, FL",5406
82,David,35,52000,IT,"Austin, TX",3259
25,Yara,29,39500,Finance,"Philadelphia, PA",558
28,nick,30,42000,IT,"Denver, CO",1270
2,nick,30,42000,IT,"Indianapolis, IN",888
96,Shila,,195000,HR,"Los Angeles, CA",3922
76,Xiya,31,43000,Finance,"Jacksonville, FL",7512
7,Grace,,41000,Finance,"New York, NY",5352
3,Charlie,28,39000,Finance,"Los Angeles, CA",1095
31,Eva,26,36000,HR,"Columbus, OH",9127
60,Harry,29,39500,IT,"New York, NY",10165
82,David,35,52000,IT,"Jacksonville, FL",2482
24,Xavier,55,950000,Management,"San Jose, CA",11130
38,Linda,34,55000,Finance,"Houston, TX",11560
68,Pari,29,38500,Finance,"San Francisco, CA",9465
71,Sham,32,44000,IT,"San Francisco, CA",10618
95,Rafa,41,220000,IT,"San Jose, CA",10911
34,Helen,29,39500,IT,"San Francisco, CA",8709
26,Zack,32,45000,IT,"San Jose, CA",4830
25,Yara,29,39500,Finance,"Los Angeles, CA",5929
87,Ian,33,48000,HR,"Houston, TX",2192
43,Quinn,25,35000,Sales,"Columbus, OH",3270
65,Milo,29,39000,IT,"Fort Worth, TX",4876
95,Rafa,41,220000,IT,"Jacksonville, FL",5426
29,Charlie,28,39000,Finance,"New York, NY",3767
14,Nancy,,36000,HR,"Jacksonville, FL",9830
26,Zack,32,45000,IT,"San Francisco, CA",8064
79,Jonas,25,35000,HR,"Fort Worth, TX",2195
66,Nina,,36000,HR,"Indianapolis, IN",2086
56,Duke,35,52000,IT,"Jacksonville, FL",11023
92,Nancy,,36000,HR,"Columbus, OH",5180
93,Ovi,42,200000,IT,"San Diego, CA",5947
19,Sara,22,33000,HR,"San Jose, CA",5960
4,David,35,52000,IT,"Chicago, IL",11361
71,Sham,32,44000,IT,"San Francisco, CA",8465
13,Mark,29,39000,IT,"Chicago, IL",2768
45,Steve,32,44000,IT,"Jacksonville, FL",10748
1,Jonas,25,35000,HR,"Philadelphia, PA",7749
50,Xena,31,43000,Finance,"New York, NY",7961
78,Zeena,26,36000,Sales,"San Jose, CA",11114
31,Eva,26,36000,HR,"Charlotte, NC",3986
58,Fahim,40,58000,Management,"Jacksonville, FL",6301
41,Oliver,36,50000,IT,"San Antonio, TX",3249
40,Nancy,,36000,HR,"Fort Worth, TX",8285
87,Ian,33,48000,HR,"San Jose, CA",7475
69,Qadir,25,35000,Sales,"Charlotte, NC",11516
33,Grace,,41000,Finance,"New York, NY",1905
65,Milo,29,39000,IT,"Houston, TX",10578
63,Kamran,31,43000,Sales,"Columbus, OH",11679
51,Yusuf,29,38000,IT,"Denver, CO",4075
57,Elena,26,36000,HR,"Houston, TX",3227
47,Usha,24,34500,Sales,"Charlotte, NC",6987
27,Jonas,25,35000,HR,"Dallas, TX",10555
55,Clara,28,39000,Finance,"Denver, CO",11045
75,Wali,28,40000,HR,"San Jose, CA",6791
33,Grace,,41000,Finance,"Los Angeles, CA",11588
72,Tara,27,37500,Finance,"Austin, TX",3001
48,Varun,37,49500,IT,"Columbus, OH",1437
66,Nina,,36000,HR,"New York, NY",10772
79,Jonas,25,35000,HR,"Seattle, WA",2255
86,Helen,29,39500,IT,"Fort Worth, TX",3890
30,David,35,52000,IT,"Columbus, OH",6316
92,Nancy,,36000,HR,"Chicago, IL",1716
60,Harry,29,39500,IT,"Los Angeles, CA",1703
94,Puja,38,185000,Finance,"San Francisco, CA",2390
83,Eva,26,36000,HR,"New York, NY",11723
21,Uma,26,36500,Finance,"Dallas, TX",9082
24,Xavier,55,950000,Management,"Phoenix, AZ",8188
94,Puja,38,185000,Finance,"Washington, DC",7000
4,David,35,52000,IT,"Indianapolis, IN",7216
56,Duke,35,52000,IT,"Indianapolis, IN",11203
10,Julia,27,37000,IT,"Phoenix, AZ",11669
37,Kevin,31,43000,Sales,"Charlotte, NC",4246
39,Mark,29,39000,IT,"Columbus, OH",8790
42,Paul,29,38500,Finance,"Dallas, TX",2695
78,Zeena,26,36000,Sales,"Charlotte, NC",5165
3,Charlie,28,39000,Finance,"Los Angeles, CA",9693
44,Rachel,30,41000,HR,"Fort Worth, TX",7849
15,Oscar,45,870000,Management,"Charlotte, NC",10262
20,Tom,31,42000,IT,"San Antonio, TX",4898
71,Sham,32,44000,IT,"Washington, DC",4129
38,Linda,34,55000,Finance,"San Francisco, CA",8266
69,Qadir,25,35000,Sales,"Denver, CO",6647
72,Tara,27,37500,Finance,"Dallas, TX",1563
46,Tina,27,37500,Finance,"San Diego, CA",9330
80,nick,30,42000,IT,"Los Angeles, CA",11434
6,Frank,40,58000,Management,"San Diego, CA",9834
68,Pari,29,38500,Finance,"San Diego, CA",10812
62,Jasmine,27,37000,IT,"Chicago, IL",9243
74,Vivi,37,49500,IT,"New York, NY",3775
42,Paul,29,38500,Finance,"San Diego, CA",1476
68,Pari,29,38500,Finance,"San Antonio, TX",11906
29,Charlie,28,39000,Finance,"Washington, DC",11623
24,Xavier,55,950000,Management,"Indianapolis, IN",4569
77,Yuri,29,38000,IT,"San Francisco, CA",6902
86,Helen,29,39500,IT,"Denver, CO",845
61,Ilham,33,48000,HR,"Denver, CO",5442
45,Steve,32,44000,IT,"San Diego, CA",3442
43,Quinn,25,35000,Sales,"San Francisco, CA",7904
21,Uma,26,36500,Finance,"Jacksonville, FL",1576
34,Helen,29,39500,IT,"Austin, TX",9863
30,David,35,52000,IT,"Austin, TX",4270
94,Puja,38,185000,Finance,"Fort Worth, TX",6152
9,Ian,33,48000,HR,"Jacksonville, FL",11853
78,Zeena,26,36000,Sales,"Denver, CO",8924
22,Victor,27,38000,Sales,"San Diego, CA",8548
4,David,35,52000,IT,"Phoenix, AZ",950
65,Milo,29,39000,IT,"Charlotte, NC",10054
43,Quinn,25,35000,Sales,"San Jose, CA",850
40,Nancy,,36000,HR,"San Diego, CA",11388
90,Linda,34,55000,Finance,"Fort Worth, TX",10000
68,Pari,29,38500,Finance,"Austin, TX",4504
98,Usha,24,34500,Sales,"Jacksonville, FL",11617
45,Steve,32,44000,IT,"Denver, CO",5178
41,Oliver,36,50000,IT,"San Diego, CA",744
5,Eva,26,36000,HR,"New York, NY",5145
65,Milo,29,39000,IT,"Chicago, IL",5234
36,Julia,27,37000,IT,"New York, NY",10965
34,Helen,29,39500,IT,"Houston, TX",940
30,David,35,52000,IT,"Austin, TX",10159
41,Oliver,36,50000,IT,"San Jose, CA",6415
41,Oliver,36,50000,IT,"San Antonio, TX",911
3,Charlie,28,39000,Finance,"Jacksonville, FL",1313
65,Milo,29,39000,IT,"Washington, DC",5178
90,Linda,34,55000,Finance,"New York, NY",2230
100,Wendy,30,40000,HR,"Jacksonville, FL",7143
61,Ilham,33,48000,HR,"New York, NY",2474
33,Grace,,41000,Finance,"Washington, DC",1049
42,Paul,29,38500,Finance,"New York, NY",2437
67,Olga,36,50000,IT,"Philadelphia, PA",703
81,Charlie,28,39000,Finance,"Charlotte, NC",4088
92,Nancy,,36000,HR,"San Jose, CA",7583
70,Rima,30,41000,HR,"Charlotte, NC",3036
74,Vivi,37,49500,IT,"Chicago, IL",6288
40,Nancy,,36000,HR,"Charlotte, NC",8798
86,Helen,29,39500,IT,"Jacksonville, FL",4311
56,Duke,35,52000,IT,"Charlotte, NC",3201
94,Puja,38,185000,Finance,"New York, NY",10911
63,Kamran,31,43000,Sales,"Columbus, OH",8325
91,Mark,29,39000,IT,"Fort Worth, TX",6474
85,Grace,,41000,Finance,"San Francisco, CA",4436
92,Nancy,,36000,HR,"Houston, TX",4590
87,Ian,33,48000,HR,"San Diego, CA",9649
75,Wali,28,40000,HR,"San Jose, CA",7456
51,Yusuf,29,38000,IT,"Fort Worth, TX",11267
46,Tina,27,37500,Finance,"Seattle, WA",11059
60,Harry,29,39500,IT,"Los Angeles, CA",9752
100,Wendy,30,40000,HR,"Washington, DC",3046
79,Jonas,25,35000,HR,"Phoenix, AZ",4236
36,Julia,27,37000,IT,"San Jose, CA",2172
20,Tom,31,42000,IT,"Indianapolis, IN",901
87,Ian,33,48000,HR,"San Francisco, CA",9293
65,Milo,29,39000,IT,"San Diego, CA",11691
97,Tito,39,250000,Sales,"San Diego, CA",4813
2,nick,30,42000,IT,"Denver, CO",6852
1,Jonas,25,35000,HR,"Washington, DC",8979
31,Eva,26,36000,HR,"San Antonio, TX",587
29,Charlie,28,39000,Finance,"Fort Worth, TX",7646
23,Wendy,30,40000,HR,"Houston, TX",6779
58,Fahim,40,58000,Management,"Jacksonville, FL",2705
46,Tina,27,37500,Finance,"Los Angeles, CA",3467
9,Ian,33,48000,HR,"Chicago, IL",4750
7,Grace,,41000,Finance,"San Jose, CA",4034
63,Kamran,31,43000,Sales,"Dallas, TX",8911
58,Fahim,40,58000,Management,"Indianapolis, IN",10174
3,Charlie,28,39000,Finance,"San Antonio, TX",3738
100,Wendy,30,40000,HR,"Indianapolis, IN",9013
83,Eva,26,36000,HR,"San Jose, CA",3238
71,Sham,32,44000,IT,"Austin, TX",5436
96,Shila,,195000,HR,"San Francisco, CA",2336
95,Rafa,41,220000,IT,"Denver, CO",3059
13,Mark,29,39000,IT,"Indianapolis, IN",2068
39,Mark,29,39000,IT,"Indianapolis, IN",11014
28,nick,30,42000,IT,"Dallas, TX",5220
24,Xavier,55,950000,Management,"Chicago, IL",8457
81,Charlie,28,39000,Finance,"Charlotte, NC",11655
57,Elena,26,36000,HR,"Phoenix, AZ",9044
17,Queen,23,34000,Sales,"Austin, TX",9720
54,Bran,,42000,IT,"Philadelphia, PA",7025
37,Kevin,31,43000,Sales,"San Francisco, CA",8435
90,Linda,34,55000,Finance,"Columbus, OH",10701
37,Kevin,31,43000,Sales,"Columbus, OH",9619
75,Wali,28,40000,HR,"Phoenix, AZ",8721
75,Wali,28,40000,HR,"Houston, TX",8014
72,Tara,27,37500,Finance,"San Francisco, CA",7565
14,Nancy,,36000,HR,"Austin, TX",7237
92,Nancy,,36000,HR,"San Antonio, TX",3040
59,Gina,,41000,Finance,"Indianapolis, IN",4319
31,Eva,26,36000,HR,"Austin, TX",9186
34,Helen,29,39500,IT,"Indianapolis, IN",8523
91,Mark,29,39000,IT,"Seattle, WA",9564
56,Duke,35,52000,IT,"San Diego, CA",1334
39,Mark,29,39000,IT,"Chicago, IL",3824
89,Kevin,31,43000,Sales,"Jacksonville, FL",1129
5,Eva,26,36000,HR,"Washington, DC",3486
2,nick,30,42000,IT,"Washington, DC",8721
65,Milo,29,39000,IT,"Fort Worth, TX",8579
86,Helen,29,39500,IT,"Seattle, WA",8433
66,Nina,,36000,HR,"Los Angeles, CA",4282
59,Gina,,41000,Finance,"San Francisco, CA",9498
91,Mark,29,39000,IT,"Seattle, WA",6985
10,Julia,27,37000,IT,"Los Angeles, CA",5906
41,Oliver,36,50000,IT,"Dallas, TX",10660
10,Julia,27,37000,IT,"Jacksonville, FL",3968
15,Oscar,45,870000,Management,"Phoenix, AZ",7644
72,Tara,27,37500,Finance,"San Jose, CA",10652
97,Tito,39,250000,Sales,"Fort Worth, TX",8912
95,Rafa,41,220000,IT,"Columbus, OH",5775
52,Zara,26,36000,Sales,"Philadelphia, PA",6367
38,Linda,34,55000,Finance,"Austin, TX",10035
58,Fahim,40,58000,Management,"San Antonio, TX",7016
90,Linda,34,55000,Finance,"Seattle, WA",5126
72,Tara,27,37500,Finance,"San Diego, CA",2762
26,Zack,32,45000,IT,"Denver, CO",2914
84,Frank,40,58000,Management,"San Antonio, TX",10853
11,Kevin,31,43000,Sales,"Austin, TX",11673
9,Ian,33,48000,HR,"Seattle, WA",5740
32,Frank,40,58000,Management,"Denver, CO",9549
76,Xiya,31,43000,Finance,"Phoenix, AZ",5622
86,Helen,29,39500,IT,"Indianapolis, IN",5493
18,Ron,60,1200000,Management,"Fort Worth, TX",9464
74,Vivi,37,49500,IT,"Indianapolis, IN",2992
7,Grace,,41000,Finance,"Denver, CO",8711
57,Elena,26,36000,HR,"Charlotte, NC",9497
7,Grace,,41000,Finance,"Indianapolis, IN",10072
50,Xena,31,43000,Finance,"Indianapolis, IN",2675
100,Wendy,30,40000,HR,"San Diego, CA",2905
6,Frank,40,58000,Management,"San Antonio, TX",3863
16,Peter,28,41000,Finance,"Washington, DC",7841
75,Wali,28,40000,HR,"Denver, CO",8400
18,Ron,60,1200000,Management,"Phoenix, AZ",9572
30,David,35,52000,IT,"Seattle, WA",11800
58,Fahim,40,58000,Management,"San Francisco, CA",10025
51,Yusuf,29,38000,IT,"Fort Worth, TX",10376
67,Olga,36,50000,IT,"Fort Worth, TX",11656
36,Julia,27,37000,IT,"New York, NY",2105
47,Usha,24,34500,Sales,"San Francisco, CA",3057
66,Nina,,36000,HR,"Indianapolis, IN",9135
49,Will,28,40000,HR,"Dallas, TX",2542
4,David,35,52000,IT,"San Diego, CA",1278
41,Oliver,36,50000,IT,"Chicago, IL",3659
93,Ovi,42,200000,IT,"Seattle, WA",6895
65,Milo,29,39000,IT,"Seattle, WA",2246
32,Frank,40,58000,Management,"Philadelphia, PA",6474
89,Kevin,31,43000,Sales,"Houston, TX",5650
95,Rafa,41,220000,IT,"Phoenix, AZ",920
62,Jasmine,27,37000,IT,"Austin, TX",10543
92,Nancy,,36000,HR,"Dallas, TX",2608
72,Tara,27,37500,Finance,"Charlotte, NC",5174
61,Ilham,33,48000,HR,"Columbus, OH",5845
31,Eva,26,36000,HR,"Jacksonville, FL",4496
38,Linda,34,55000,Finance,"Austin, TX",6582
47,Usha,24,34500,Sales,"Washington, DC",10050
86,Helen,29,39500,IT,"San Jose, CA",4410
26,Zack,32,45000,IT,"San Francisco, CA",3126
14,Nancy,,36000,HR,"Columbus, OH",11379
37,Kevin,31,43000,Sales,"San Diego, CA",990
77,Yuri,29,38000,IT,"Fort Worth, TX",9987
97,Tito,39,250000,Sales,"Los Angeles, CA",6432
41,Oliver,36,50000,IT,"Los Angeles, CA",10773
58,Fahim,40,58000,Management,"Chicago, IL",3871
56,Duke,35,52000,IT,"Seattle, WA",10864
44,Rachel,30,41000,HR,"Charlotte, NC",11866
39,Mark,29,39000,IT,"Los Angeles, CA",4564
65,Milo,29,39000,IT,"Denver, CO",6337
30,David,35,52000,IT,"Indianapolis, IN",5489
47,Usha,24,34500,Sales,"Seattle, WA",6471
93,Ovi,42,200000,IT,"Charlotte, NC",10641
87,Ian,33,48000,HR,"Austin, TX",3880
10,Julia,27,37000,IT,"Seattle, WA",6189
82,David,35,52000,IT,"Columbus, OH",9103
10,Julia,27,37000,IT,"Washington, DC",10114
57,Elena,26,36000,HR,"Chicago, IL",11673
95,Rafa,41,220000,IT,"Philadelphia, PA",7973
71,Sham,32,44000,IT,"Jacksonville, FL",2176
28,nick,30,42000,IT,"Houston, TX",8290
91,Mark,29,39000,IT,"San Diego, CA",5782
69,Qadir,25,35000,Sales,"San Francisco, CA",10338
84,Frank,40,58000,Management,"Chicago, IL",3211
30,David,35,52000,IT,"San Jose, CA",9931
37,Kevin,31,43000,Sales,"Seattle, WA",1102
15,Oscar,45,870000,Management,"Denver, CO",2437
44,Rachel,30,41000,HR,"Houston, TX",8621
82,David,35,52000,IT,"Philadelphia, PA",8717
54,Bran,,42000,IT,"San Diego, CA",7312
29,Charlie,28,39000,Finance,"Houston, TX",1567
5,Eva,26,36000,HR,"Houston, TX",5752
66,Nina,,36000,HR,"Columbus, OH",6363
42,Paul,29,38500,Finance,"Chicago, IL",879
76,Xiya,31,43000,Finance,"Indianapolis, IN",9976
48,Varun,37,49500,IT,"Houston, TX",6002
32,Frank,40,58000,Management,"Jacksonville, FL",3682
93,Ovi,42,200000,IT,"Fort Worth, TX",4247
65,Milo,29,39000,IT,"Jacksonville, FL",5696
46,Tina,27,37500,Finance,"Washington, DC",10948
72,Tara,27,37500,Finance,"Columbus, OH",5632
9,Ian,33,48000,HR,"Jacksonville, FL",6540
35,Ian,33,48000,HR,"Houston, TX",4620
40,Nancy,,36000,HR,"Washington, DC",9237
41,Oliver,36,50000,IT,"San Antonio, TX",5759
76,Xiya,31,43000,Finance,"San Antonio, TX",8966
74,Vivi,37,49500,IT,"Chicago, IL",10961
82,David,35,52000,IT,"Los Angeles, CA",11800
81,Charlie,28,39000,Finance,"Dallas, TX",3422
71,Sham,32,44000,IT,"Indianapolis, IN",3887
7,Grace,,41000,Finance,"San Francisco, CA",5942
94,Puja,38,185000,Finance,"San Jose, CA",6052
24,Xavier,55,950000,Management,"Chicago, IL",10562
40,Nancy,,36000,HR,"Houston, TX",4513
1,Jonas,25,35000,HR,"Charlotte, NC",5867
51,Yusuf,29,38000,IT,"New York, NY",8802
28,nick,30,42000,IT,"Indianapolis, IN",7459
84,Frank,40,58000,Management,"Jacksonville, FL",10447
22,Victor,27,38000,Sales,"Phoenix, AZ",6790
13,Mark,29,39000,IT,"Columbus, OH",10059
15,Oscar,45,870000,Management,"San Antonio, TX",10220
89,Kevin,31,43000,Sales,"Washington, DC",1051
81,Charlie,28,39000,Finance,"San Antonio, TX",633
9,Ian,33,48000,HR,"San Diego, CA",7107
21,Uma,26,36500,Finance,"Los Angeles, CA",11603
30,David,35,52000,IT,"New York, NY",10705
52,Zara,26,36000,Sales,"Dallas, TX",11954
84,Frank,40,58000,Management,"Philadelphia, PA",7099
97,Tito,39,250000,Sales,"Seattle, WA",5624
26,Zack,32,45000,IT,"Dallas, TX",1560
8,Helen,29,39500,IT,"San Jose, CA",11199
79,Jonas,25,35000,HR,"San Antonio, TX",7884
66,Nina,,36000,HR,"Houston, TX",10714
61,Ilham,33,48000,HR,"San Diego, CA",2686
68,Pari,29,38500,Finance,"Seattle, WA",3165
24,Xavier,55,950000,Management,"Indianapolis, IN",3670
6,Frank,40,58000,Management,"Denver, CO",11419
42,Paul,29,38500,Finance,"Indianapolis, IN",3146
94,Puja,38,185000,Finance,"Indianapolis, IN",1095
19,Sara,22,33000,HR,"Fort Worth, TX",4606
40,Nancy,,36000,HR,"San Francisco, CA",11066
4,David,35,52000,IT,"Indianapolis, IN",6317
56,Duke,35,52000,IT,"Denver, CO",3921
62,Jasmine,27,37000,IT,"San Diego, CA",2778
67,Olga,36,50000,IT,"New York, NY",1664
71,Sham,32,44000,IT,"Phoenix, AZ",1117
51,Yusuf,29,38000,IT,"Houston, TX",950
70,Rima,30,41000,HR,"San Antonio, TX",10490
100,Wendy,30,40000,HR,"Denver, CO",7872
4,David,35,52000,IT,"Dallas, TX",2392
17,Queen,23,34000,Sales,"Jacksonville, FL",6028
53,Amy,25,35000,HR,"San Diego, CA",2954
12,Linda,34,55000,Finance,"Dallas, TX",10914
92,Nancy,,36000,HR,"Charlotte, NC",4308
98,Usha,24,34500,Sales,"Jacksonville, FL",9976
71,Sham,32,44000,IT,"Los Angeles, CA",11219
60,Harry,29,39500,IT,"Houston, TX",2257
1,Jonas,25,35000,HR,"Charlotte, NC",722
13,Mark,29,39000,IT,"Charlotte, NC",7453
92,Nancy,,36000,HR,"Houston, TX",7536
6,Frank,40,58000,Management,"New York, NY",9592
28,nick,30,42000,IT,"Austin, TX",2865
86,Helen,29,39500,IT,"Jacksonville, FL",2109
80,nick,30,42000,IT,"Austin, TX",11982
7,Grace,,41000,Finance,"Austin, TX",7721
87,Ian,33,48000,HR,"Chicago, IL",1723
7,Grace,,41000,Finance,"San Jose, CA",2407
9,Ian,33,48000,HR,"Seattle, WA",10054
97,Tito,39,250000,Sales,"Charlotte, NC",11443
39,Mark,29,39000,IT,"Austin, TX",6310
20,Tom,31,42000,IT,"Fort Worth, TX",6948
46,Tina,27,37500,Finance,"New York, NY",8466
14,Nancy,,36000,HR,"Houston, TX",9960
50,Xena,31,43000,Finance,"Seattle, WA",5437
69,Qadir,25,35000,Sales,"San Diego, CA",6248
60,Harry,29,39500,IT,"San Francisco, CA",1731
11,Kevin,31,43000,Sales,"Houston, TX",10439
28,nick,30,42000,IT,"Austin, TX",11250
25,Yara,29,39500,Finance,"Charlotte, NC",1237
73,Umar,24,34500,Sales,"San Diego, CA",4936
67,Olga,36,50000,IT,"New York, NY",3479
77,Yuri,29,38000,IT,"Philadelphia, PA",10643
8,Helen,29,39500,IT,"Los Angeles, CA",10473
33,Grace,,41000,Finance,"San Jose, CA",1029
4,David,35,52000,IT,"Columbus, OH",7641
25,Yara,29,39500,Finance,"Fort Worth, TX",4918
85,Grace,,41000,Finance,"San Jose, CA",9896
82,David,35,52000,IT,"Washington, DC",2486
33,Grace,,41000,Finance,"Washington, DC",846
73,Umar,24,34500,Sales,"Austin, TX",6325
1,Jonas,25,35000,HR,"Charlotte, NC",1715
99,Varun,37,49500,IT,"Denver, CO",11460
83,Eva,26,36000,HR,"Austin, TX",8545
3,Charlie,28,39000,Finance,"San Antonio, TX",6298
60,Harry,29,39500,IT,"Indianapolis, IN",744
35,Ian,33,48000,HR,"San Jose, CA",11417
62,Jasmine,27,37000,IT,"Fort Worth, TX",7558
52,Zara,26,36000,Sales,"Los Angeles, CA",11743
9,Ian,33,48000,HR,"San Jose, CA",632
27,Jonas,25,35000,HR,"Philadelphia, PA",1870
68,Pari,29,38500,Finance,"San Antonio, TX",10788
15,Oscar,45,870000,Management,"Austin, TX",1587
31,Eva,26,36000,HR,"Indianapolis, IN",10339
12,Linda,34,55000,Finance,"Denver, CO",10583
73,Umar,24,34500,Sales,"Phoenix, AZ",10412
15,Oscar,45,870000,Management,"San Francisco, CA",4502
87,Ian,33,48000,HR,"San Antonio, TX",10952
23,Wendy,30,40000,HR,"Chicago, IL",8810
95,Rafa,41,220000,IT,"Austin, TX",3403
96,Shila,,195000,HR,"San Jose, CA",11500
3,Charlie,28,39000,Finance,"Seattle, WA",7322
90,Linda,34,55000,Finance,"Los Angeles, CA",1394
99,Varun,37,49500,IT,"New York, NY",1765
99,Varun,37,49500,IT,"Denver, CO",6923
34,Helen,29,39500,IT,"San Antonio, TX",862
80,nick,30,42000,IT,"Charlotte, NC",7664
4,David,35,52000,IT,"Columbus, OH",10465
65,Milo,29,39000,IT,"Columbus, OH",9005
71,Sham,32,44000,IT,"Charlotte, NC",6132
100,Wendy,30,40000,HR,"Philadelphia, PA",2206
31,Eva,26,36000,HR,"Phoenix, AZ",7834
65,Milo,29,39000,IT,"Austin, TX",7413
20,Tom,31,42000,IT,"Jacksonville, FL",10481
68,Pari,29,38500,Finance,"Los Angeles, CA",2893
60,Harry,29,39500,IT,"Phoenix, AZ",8626
25,Yara,29,39500,Finance,"Columbus, OH",4194
89,Kevin,31,43000,Sales,"Houston, TX",10972
97,Tito,39,250000,Sales,"Los Angeles, CA",1489
92,Nancy,,36000,HR,"Washington, DC",4180
5,Eva,26,36000,HR,"Indianapolis, IN",11155
91,Mark,29,39000,IT,"Seattle, WA",9596
44,Rachel,30,41000,HR,"Fort Worth, TX",6910
67,Olga,36,50000,IT,"San Diego, CA",11736
54,Bran,,42000,IT,"Washington, DC",3897
53,Amy,25,35000,HR,"New York, NY",4497
30,David,35,52000,IT,"Charlotte, NC",1410
38,Linda,34,55000,Finance,"Austin, TX",7086
25,Yara,29,39500,Finance,"New York, NY",11299
42,Paul,29,38500,Finance,"New York, NY",6481
68,Pari,29,38500,Finance,"Houston, TX",10437
29,Charlie,28,39000,Finance,"Los Angeles, CA",2623
33,Grace,,41000,Finance,"Phoenix, AZ",2351
32,Frank,40,58000,Management,"New York, NY",6956
26,Zack,32,45000,IT,"New York, NY",2115
60,Harry,29,39500,IT,"Charlotte, NC",11082
50,Xena,31,43000,Finance,"Seattle, WA",11454
90,Linda,34,55000,Finance,"Charlotte, NC",9897
65,Milo,29,39000,IT,"Washington, DC",4526
91,Mark,29,39000,IT,"Charlotte, NC",7369
41,Oliver,36,50000,IT,"Indianapolis, IN",11371
48,Varun,37,49500,IT,"Dallas, TX",2946
6,Frank,40,58000,Management,"New York, NY",3812
18,Ron,60,1200000,Management,"Phoenix, AZ",8514
61,Ilham,33,48000,HR,"Phoenix, AZ",7357
70,Rima,30,41000,HR,"Indianapolis, IN",5519
100,Wendy,30,40000,HR,"Seattle, WA",10793
42,Paul,29,38500,Finance,"New York, NY",3716
31,Eva,26,36000,HR,"Phoenix, AZ",5975
33,Grace,,41000,Finance,"Austin, TX",4169
64,Lara,34,55000,Finance,"Phoenix, AZ",11722
80,nick,30,42000,IT,"Chicago, IL",3024
12,Linda,34,55000,Finance,"Chicago, IL",7998
90,Linda,34,55000,Finance,"San Antonio, TX",11999
92,Nancy,,36000,HR,"Washington, DC",11434
6,Frank,40,58000,Management,"Indianapolis, IN",2461
43,Quinn,25,35000,Sales,"Phoenix, AZ",6803
60,Harry,29,39500,IT,"Chicago, IL",5125
46,Tina,27,37500,Finance,"Los Angeles, CA",8792
27,Jonas,25,35000,HR,"Jacksonville, FL",10005
72,Tara,27,37500,Finance,"Jacksonville, FL",3948
31,Eva,26,36000,HR,"San Antonio, TX",3744
94,Puja,38,185000,Finance,"Phoenix, AZ",6547
88,Julia,27,37000,IT,"New York, NY",10593
21,Uma,26,36500,Finance,"San Francisco, CA",5174
55,Clara,28,39000,Finance,"San Diego, CA",1714
11,Kevin,31,43000,Sales,"San Diego, CA",8106
63,Kamran,31,43000,Sales,"San Antonio, TX",4126
5,Eva,26,36000,HR,"Charlotte, NC",9481
22,Victor,27,38000,Sales,"Seattle, WA",10058
92,Nancy,,36000,HR,"Columbus, OH",8375
83,Eva,26,36000,HR,"Columbus, OH",6768
65,Milo,29,39000,IT,"Dallas, TX",7312
57,Elena,26,36000,HR,"Fort Worth, TX",5979
93,Ovi,42,200000,IT,"San Antonio, TX",9194
79,Jonas,25,35000,HR,"Washington, DC",672
42,Paul,29,38500,Finance,"Washington, DC",1386
46,Tina,27,37500,Finance,"Houston, TX",10109
88,Julia,27,37000,IT,"Phoenix, AZ",6763
74,Vivi,37,49500,IT,"Chicago, IL",4868
73,Umar,24,34500,Sales,"Jacksonville, FL",10101
2,nick,30,42000,IT,"San Francisco, CA",7556
57,Elena,26,36000,HR,"Columbus, OH",11615
77,Yuri,29,38000,IT,"Indianapolis, IN",5453
63,Kamran,31,43000,Sales,"Washington, DC",10602
73,Umar,24,34500,Sales,"Dallas, TX",760
93,Ovi,42,200000,IT,"San Diego, CA",3852
13,Mark,29,39000,IT,"Austin, TX",1852
18,Ron,60,1200000,Management,"Fort Worth, TX",5743
25,Yara,29,39500,Finance,"New York, NY",10191
86,Helen,29,39500,IT,"Charlotte, NC",10832
65,Milo,29,39000,IT,"Washington, DC",3506
33,Grace,,41000,Finance,"Washington, DC",1322
94,Puja,38,185000,Finance,"Charlotte, NC",1031
51,Yusuf,29,38000,IT,"San Diego, CA",3320
13,Mark,29,39000,IT,"Philadelphia, PA",666
99,Varun,37,49500,IT,"San Jose, CA",5426
71,Sham,32,44000,IT,"San Diego, CA",1555
96,Shila,,195000,HR,"Washington, DC",1754
30,David,35,52000,IT,"New York, NY",4786
58,Fahim,40,58000,Management,"Charlotte, NC",8509
7,Grace,,41000,Finance,"Jacksonville, FL",4507
45,Steve,32,44000,IT,"Fort Worth, TX",8258
73,Umar,24,34500,Sales,"Charlotte, NC",10223
12,Linda,34,55000,Finance,"New York, NY",9664
23,Wendy,30,40000,HR,"Fort Worth, TX",8389
85,Grace,,41000,Finance,"San Antonio, TX",5244
46,Tina,27,37500,Finance,"Philadelphia, PA",8797
54,Bran,,42000,IT,"Columbus, OH",10296
41,Oliver,36,50000,IT,"Philadelphia, PA",4787
4,David,35,52000,IT,"Columbus, OH",1502
95,Rafa,41,220000,IT,"Philadelphia, PA",584
19,Sara,22,33000,HR,"Houston, TX",3495
84,Frank,40,58000,Management,"Los Angeles, CA",11979
88,Julia,27,37000,IT,"Chicago, IL",5656
87,Ian,33,48000,HR,"Dallas, TX",7694
10,Julia,27,37000,IT,"Indianapolis, IN",6283
57,Elena,26,36000,HR,"Jacksonville, FL",6195
71,Sham,32,44000,IT,"Charlotte, NC",653
8,Helen,29,39500,IT,"Houston, TX",10153
18,Ron,60,1200000,Management,"Columbus, OH",11504
68,Pari,29,38500,Finance,"Phoenix, AZ",6914
30,David,35,52000,IT,"Houston, TX",7184
51,Yusuf,29,38000,IT,"San Jose, CA",2519
68,Pari,29,38500,Finance,"Dallas, TX",9789
8,Helen,29,39500,IT,"Houston, TX",1070
55,Clara,28,39000,Finance,"Columbus, OH",8422
42,Paul,29,38500,Finance,"Washington, DC",8840
47,Usha,24,34500,Sales,"Washington, DC",6653
69,Qadir,25,35000,Sales,"Denver, CO",3191
5,Eva,26,36000,HR,"Washington, DC",8169
92,Nancy,,36000,HR,"Fort Worth, TX",10801
95,Rafa,41,220000,IT,"Chicago, IL",6007
51,Yusuf,29,38000,IT,"Fort Worth, TX",10610
59,Gina,,41000,Finance,"New York, NY",5369
93,Ovi,42,200000,IT,"Washington, DC",6349
14,Nancy,,36000,HR,"Phoenix, AZ",6467
38,Linda,34,55000,Finance,"Philadelphia, PA",4155
60,Harry,29,39500,IT,"Denver, CO",7171
62,Jasmine,27,37000,IT,"Seattle, WA",6169
81,Charlie,28,39000,Finance,"New York, NY",10404
46,Tina,27,37500,Finance,"Austin, TX",2992
21,Uma,26,36500,Finance,"Columbus, OH",10036
56,Duke,35,52000,IT,"Columbus, OH",9798
56,Duke,35,52000,IT,"Los Angeles, CA",7012
1,Jonas,25,35000,HR,"Washington, DC",9274
55,Clara,28,39000,Finance,"Phoenix, AZ",4850
43,Quinn,25,35000,Sales,"Jacksonville, FL",7099
4,David,35,52000,IT,"Dallas, TX",11382
17,Queen,23,34000,Sales,"Houston, TX",5156
52,Zara,26,36000,Sales,"Houston, TX",11272
51,Yusuf,29,38000,IT,"San Diego, CA",9011
76,Xiya,31,43000,Finance,"Indianapolis, IN",4815
60,Harry,29,39500,IT,"Denver, CO",5294
39,Mark,29,39000,IT,"San Jose, CA",1937
33,Grace,,41000,Finance,"Washington, DC",531
8,Helen,29,39500,IT,"San Diego, CA",1214
42,Paul,29,38500,Finance,"Denver, CO",8455
24,Xavier,55,950000,Management,"Washington, DC",9731
67,Olga,36,50000,IT,"Charlotte, NC",908
4,David,35,52000,IT,"Jacksonville, FL",7846
63,Kamran,31,43000,Sales,"San Diego, CA",8538
13,Mark,29,39000,IT,"Los Angeles, CA",8240
50,Xena,31,43000,Finance,"San Antonio, TX",8164
11,Kevin,31,43000,Sales,"San Antonio, TX",5531
73,Umar,24,34500,Sales,"Jacksonville, FL",1627
24,Xavier,55,950000,Management,"Phoenix, AZ",5936
70,Rima,30,41000,HR,"Columbus, OH",9398
28,nick,30,42000,IT,"Philadelphia, PA",11715
31,Eva,26,36000,HR,"San Jose, CA",1282
15,Oscar,45,870000,Management,"Phoenix, AZ",5800
28,nick,30,42000,IT,"San Jose, CA",2679
30,David,35,52000,IT,"New York, NY",7306
9,Ian,33,48000,HR,"Indianapolis, IN",1678
12,Linda,34,55000,Finance,"San Diego, CA",2906
76,Xiya,31,43000,Finance,"New York, NY",3307
14,Nancy,,36000,HR,"Seattle, WA",3264
18,Ron,60,1200000,Management,"Denver, CO",3224
42,Paul,29,38500,Finance,"Seattle, WA",3035
30,David,35,52000,IT,"Columbus, OH",8904
61,Ilham,33,48000,HR,"Houston, TX",10640
58,Fahim,40,58000,Management,"San Antonio, TX",5361
2,nick,30,42000,IT,"San Francisco, CA",6800
37,Kevin,31,43000,Sales,"Los Angeles, CA",8356
25,Yara,29,39500,Finance,"Philadelphia, PA",3646
78,Zeena,26,36000,Sales,"Los Angeles, CA",7078
24,Xavier,55,950000,Management,"Denver, CO",1701
75,Wali,28,40000,HR,"Philadelphia, PA",10511
30,David,35,52000,IT,"Phoenix, AZ",3389
57,Elena,26,36000,HR,"San Antonio, TX",1144
14,Nancy,,36000,HR,"Denver, CO",11051
25,Yara,29,39500,Finance,"Houston, TX",6451
28,nick,30,42000,IT,"San Diego, CA",4722
16,Peter,28,41000,Finance,"San Francisco, CA",4820
70,Rima,30,41000,HR,"San Antonio, TX",3588
34,Helen,29,39500,IT,"San Diego, CA",9188
60,Harry,29,39500,IT,"Chicago, IL",10708
41,Oliver,36,50000,IT,"Austin, TX",9164
19,Sara,22,33000,HR,"Jacksonville, FL",10580
86,Helen,29,39500,IT,"Denver, CO",3882
53,Amy,25,35000,HR,"Jacksonville, FL",8425
59,Gina,,41000,Finance,"Philadelphia, PA",1660
62,Jasmine,27,37000,IT,"Austin, TX",11214
89,Kevin,31,43000,Sales,"Austin, TX",4812
21,Uma,26,36500,Finance,"Austin, TX",8887
85,Grace,,41000,Finance,"Fort Worth, TX",2748
65,Milo,29,39000,IT,"Seattle, WA",4961
16,Peter,28,41000,Finance,"Philadelphia, PA",3266
84,Frank,40,58000,Management,"San Antonio, TX",2051
77,Yuri,29,38000,IT,"Chicago, IL",2947
86,Helen,29,39500,IT,"Washington, DC",6144
9,Ian,33,48000,HR,"Denver, CO",4809
74,Vivi,37,49500,IT,"Phoenix, AZ",11080
42,Paul,29,38500,Finance,"New York, NY",7996
45,Steve,32,44000,IT,"Fort Worth, TX",11698
45,Steve,32,44000,IT,"Philadelphia, PA",8810
2,nick,30,42000,IT,"Chicago, IL",3996
66,Nina,,36000,HR,"Dallas, TX",2216
66,Nina,,36000,HR,"Phoenix, AZ",11575
20,Tom,31,42000,IT,"Indianapolis, IN",5437
21,Uma,26,36500,Finance,"San Francisco, CA",3414
8,Helen,29,39500,IT,"Charlotte, NC",2172
19,Sara,22,33000,HR,"Indianapolis, IN",9894
12,Linda,34,55000,Finance,"Chicago, IL",1955
87,Ian,33,48000,HR,"Chicago, IL",7045
16,Peter,28,41000,Finance,"New York, NY",7526
29,Charlie,28,39000,Finance,"Austin, TX",4478
22,Victor,27,38000,Sales,"Los Angeles, CA",2971
31,Eva,26,36000,HR,"Houston, TX",8809
5,Eva,26,36000,HR,"Columbus, OH",867
2,nick,30,42000,IT,"Denver, CO",3676
70,Rima,30,41000,HR,"San Jose, CA",3874
78,Zeena,26,36000,Sales,"Washington, DC",7273
93,Ovi,42,200000,IT,"San Diego, CA",4312
95,Rafa,41,220000,IT,"Seattle, WA",6791
75,Wali,28,40000,HR,"New York, NY",6485
38,Linda,34,55000,Finance,"Los Angeles, CA",2697
22,Victor,27,38000,Sales,"New York, NY",5411
42,Paul,29,38500,Finance,"New York, NY",10821
65,Milo,29,39000,IT,"Dallas, TX",1400
78,Zeena,26,36000,Sales,"Los Angeles, CA",692
89,Kevin,31,43000,Sales,"Charlotte, NC",3270
93,Ovi,42,200000,IT,"Columbus, OH",5680
32,Frank,40,58000,Management,"San Antonio, TX",1450
17,Queen,23,34000,Sales,"Charlotte, NC",7179
8,Helen,29,39500,IT,"Chicago, IL",4106
62,Jasmine,27,37000,IT,"Jacksonville, FL",5538
54,Bran,,42000,IT,"Washington, DC",757
80,nick,30,42000,IT,"Los Angeles, CA",1721
58,Fahim,40,58000,Management,"Houston, TX",1150
8,Helen,29,39500,IT,"Denver, CO",11010
75,Wali,28,40000,HR,"Indianapolis, IN",2925
85,Grace,,41000,Finance,"Charlotte, NC",9614
69,Qadir,25,35000,Sales,"San Diego, CA",3659
16,Peter,28,41000,Finance,"Fort Worth, TX",897
75,Wali,28,40000,HR,"Chicago, IL",5801
24,Xavier,55,950000,Management,"Austin, TX",11606
81,Charlie,28,39000,Finance,"Seattle, WA",5902
16,Peter,28,41000,Finance,"Houston, TX",8200
52,Zara,26,36000,Sales,"Washington, DC",1060
82,David,35,52000,IT,"San Jose, CA",8881
93,Ovi,42,200000,IT,"Charlotte, NC",8896
20,Tom,31,42000,IT,"San Antonio, TX",11707
25,Yara,29,39500,Finance,"Charlotte, NC",5599
65,Milo,29,39000,IT,"Philadelphia, PA",3871
72,Tara,27,37500,Finance,"Chicago, IL",3541
80,nick,30,42000,IT,"Houston, TX",7344
9,Ian,33,48000,HR,"Philadelphia, PA",10397
59,Gina,,41000,Finance,"Phoenix, AZ",5898
77,Yuri,29,38000,IT,"Phoenix, AZ",1212
69,Qadir,25,35000,Sales,"Indianapolis, IN",3956
95,Rafa,41,220000,IT,"Los Angeles, CA",11376
16,Peter,28,41000,Finance,"Columbus, OH",7447
77,Yuri,29,38000,IT,"Austin, TX",4906
11,Kevin,31,43000,Sales,"Dallas, TX",11013
74,Vivi,37,49500,IT,"San Antonio, TX",8149
28,nick,30,42000,IT,"San Diego, CA",4377
65,Milo,29,39000,IT,"Houston, TX",4022
80,nick,30,42000,IT,"Indianapolis, IN",6151
99,Varun,37,49500,IT,"Houston, TX",4612
15,Oscar,45,870000,Management,"Chicago, IL",11457
43,Quinn,25,35000,Sales,"Charlotte, NC",5065
67,Olga,36,50000,IT,"New York, NY",5406
81,Charlie,28,39000,Finance,"Fort Worth, TX",5923
68,Pari,29,38500,Finance,"Denver, CO",9246
42,Paul,29,38500,Finance,"Fort Worth, TX",10832
48,Varun,37,49500,IT,"San Antonio, TX",5477
24,Xavier,55,950000,Management,"Houston, TX",3178
34,Helen,29,39500,IT,"Phoenix, AZ",9275
53,Amy,25,35000,HR,"Fort Worth, TX",5441
71,Sham,32,44000,IT,"San Jose, CA",7829
30,David,35,52000,IT,"San Antonio, TX",10688
64,Lara,34,55000,Finance,"San Francisco, CA",1341
72,Tara,27,37500,Finance,"Washington, DC",11067
39,Mark,29,39000,IT,"Phoenix, AZ",4538
18,Ron,60,1200000,Management,"Chicago, IL",2304
60,Harry,29,39500,IT,"Indianapolis, IN",9421
33,Grace,,41000,Finance,"Los Angeles, CA",4849
89,Kevin,31,43000,Sales,"Austin, TX",10155
33,Grace,,41000,Finance,"Fort Worth, TX",5446
29,Charlie,28,39000,Finance,"San Francisco, CA",10859
58,Fahim,40,58000,Management,"San Francisco, CA",7618
74,Vivi,37,49500,IT,"Dallas, TX",7157
21,Uma,26,36500,Finance,"San Antonio, TX",2072
36,Julia,27,37000,IT,"Columbus, OH",6740
5,Eva,26,36000,HR,"San Francisco, CA",5466
9,Ian,33,48000,HR,"Jacksonville, FL",10085
18,Ron,60,1200000,Management,"San Jose, CA",756
83,Eva,26,36000,HR,"Austin, TX",627
22,Victor,27,38000,Sales,"San Francisco, CA",10074
5,Eva,26,36000,HR,"San Jose, CA",7367
49,Will,28,40000,HR,"San Francisco, CA",8354
86,Helen,29,39500,IT,"Fort Worth, TX",11392
1,Jonas,25,35000,HR,"Phoenix, AZ",11839
71,Sham,32,44000,IT,"Austin, TX",2705
70,Rima,30,41000,HR,"Charlotte, NC",9013
7,Grace,,41000,Finance,"Philadelphia, PA",11048
88,Julia,27,37000,IT,"San Antonio, TX",4879
15,Oscar,45,870000,Management,"Philadelphia, PA",8567
24,Xavier,55,950000,Management,"Charlotte, NC",11805
77,Yuri,29,38000,IT,"Washington, DC",10609
84,Frank,40,58000,Management,"San Antonio, TX",6777
44,Rachel,30,41000,HR,"Fort Worth, TX",11388
46,Tina,27,37500,Finance,"New York, NY",10208
93,Ovi,42,200000,IT,"Houston, TX",11985
91,Mark,29,39000,IT,"Phoenix, AZ",4824
2,nick,30,42000,IT,"Jacksonville, FL",11737
82,David,35,52000,IT,"Los Angeles, CA",8810
42,Paul,29,38500,Finance,"Austin, TX",7581
52,Zara,26,36000,Sales,"Jacksonville, FL",2871
37,Kevin,31,43000,Sales,"Seattle, WA",5516
57,Elena,26,36000,HR,"Charlotte, NC",6802
83,Eva,26,36000,HR,"Charlotte, NC",6882
10,Julia,27,37000,IT,"Phoenix, AZ",7039
32,Frank,40,58000,Management,"Dallas, TX",11952
58,Fahim,40,58000,Management,"Denver, CO",6952
59,Gina,,41000,Finance,"Indianapolis, IN",6892
27,Jonas,25,35000,HR,"Fort Worth, TX",11277
48,Varun,37,49500,IT,"Charlotte, NC",5296
1,Jonas,25,35000,HR,"Chicago, IL",2941
73,Umar,24,34500,Sales,"Houston, TX",11391
38,Linda,34,55000,Finance,"Jacksonville, FL",1517
3,Charlie,28,39000,Finance,"Philadelphia, PA",5001
21,Uma,26,36500,Finance,"Columbus, OH",3547
93,Ovi,42,200000,IT,"Chicago, IL",10760
59,Gina,,41000,Finance,"Charlotte, NC",6294
59,Gina,,41000,Finance,"Dallas, TX",4750
96,Shila,,195000,HR,"New York, NY",6447
41,Oliver,36,50000,IT,"San Antonio, TX",8885
85,Grace,,41000,Finance,"Indianapolis, IN",7891
25,Yara,29,39500,Finance,"Denver, CO",2946
41,Oliver,36,50000,IT,"Indianapolis, IN",7623
51,Yusuf,29,38000,IT,"Philadelphia, PA",1899
14,Nancy,,36000,HR,"Washington, DC",11211
83,Eva,26,36000,HR,"Seattle, WA",6795
30,David,35,52000,IT,"Los Angeles, CA",4187
43,Quinn,25,35000,Sales,"Washington, DC",8364
32,Frank,40,58000,Management,"Fort Worth, TX",6627
79,Jonas,25,35000,HR,"Philadelphia, PA",1052
70,Rima,30,41000,HR,"Denver, CO",6043
30,David,35,52000,IT,"San Jose, CA",9421
31,Eva,26,36000,HR,"Houston, TX",3060
75,Wali,28,40000,HR,"Seattle, WA",5608
100,Wendy,30,40000,HR,"San Francisco, CA",4766
62,Jasmine,27,37000,IT,"Columbus, OH",5445
90,Linda,34,55000,Finance,"San Jose, CA",9485
3,Charlie,28,39000,Finance,"Columbus, OH",6184
19,Sara,22,33000,HR,"Jacksonville, FL",8816
79,Jonas,25,35000,HR,"Chicago, IL",8866
56,Duke,35,52000,IT,"San Jose, CA",3051
54,Bran,,42000,IT,"Dallas, TX",4348
97,Tito,39,250000,Sales,"Charlotte, NC",3956
96,Shila,,195000,HR,"Philadelphia, PA",3258
31,Eva,26,36000,HR,"Los Angeles, CA",4255
17,Queen,23,34000,Sales,"Washington, DC",4142
12,Linda,34,55000,Finance,"Phoenix, AZ",8619
84,Frank,40,58000,Management,"Indianapolis, IN",10662
23,Wendy,30,40000,HR,"San Diego, CA",2160
62,Jasmine,27,37000,IT,"San Francisco, CA",11267
26,Zack,32,45000,IT,"Los Angeles, CA",8729
88,Julia,27,37000,IT,"Jacksonville, FL",11216
7,Grace,,41000,Finance,"San Jose, CA",6086
78,Zeena,26,36000,Sales,"Columbus, OH",4076
53,Amy,25,35000,HR,"Charlotte, NC",6958
89,Kevin,31,43000,Sales,"Chicago, IL",10000
64,Lara,34,55000,Finance,"Jacksonville, FL",6625
95,Rafa,41,220000,IT,"Chicago, IL",10920
57,Elena,26,36000,HR,"Charlotte, NC",3423
10,Julia,27,37000,IT,"San Diego, CA",11733
44,Rachel,30,41000,HR,"Denver, CO",3208
4,David,35,52000,IT,"Washington, DC",4671
50,Xena,31,43000,Finance,"Houston, TX",11001
11,Kevin,31,43000,Sales,"New York, NY",8922
23,Wendy,30,40000,HR,"Fort Worth, TX",3250
89,Kevin,31,43000,Sales,"New York, NY",11385
37,Kevin,31,43000,Sales,"Phoenix, AZ",7976
70,Rima,30,41000,HR,"Charlotte, NC",8431
23,Wendy,30,40000,HR,"San Antonio, TX",3304
63,Kamran,31,43000,Sales,"Phoenix, AZ",5944
73,Umar,24,34500,Sales,"San Antonio, TX",1341
21,Uma,26,36500,Finance,"Los Angeles, CA",6075
39,Mark,29,39000,IT,"San Antonio, TX",8010
48,Varun,37,49500,IT,"New York, NY",11181
33,Grace,,41000,Finance,"San Jose, CA",6905
72,Tara,27,37500,Finance,"Houston, TX",4034
32,Frank,40,58000,Management,"Philadelphia, PA",8357
90,Linda,34,55000,Finance,"Chicago, IL",1107
37,Kevin,31,43000,Sales,"Jacksonville, FL",7894
19,Sara,22,33000,HR,"Charlotte, NC",5118
60,Harry,29,39500,IT,"Jacksonville, FL",4460
47,Usha,24,34500,Sales,"Houston, TX",4757
87,Ian,33,48000,HR,"San Jose, CA",6112
87,Ian,33,48000,HR,"Phoenix, AZ",10723
19,Sara,22,33000,HR,"Phoenix, AZ",701
8,Helen,29,39500,IT,"San Antonio, TX",7059
49,Will,28,40000,HR,"Denver, CO",5631
55,Clara,28,39000,Finance,"Seattle, WA",1864
28,nick,30,42000,IT,"Austin, TX",1251
12,Linda,34,55000,Finance,"San Francisco, CA",8045
22,Victor,27,38000,Sales,"Los Angeles, CA",5844
42,Paul,29,38500,Finance,"Charlotte, NC",1705
43,Quinn,25,35000,Sales,"Jacksonville, FL",10012
28,nick,30,42000,IT,"Austin, TX",4387
45,Steve,32,44000,IT,"New York, NY",1830
66,Nina,,36000,HR,"Los Angeles, CA",9122
46,Tina,27,37500,Finance,"Houston, TX",10857
8,Helen,29,39500,IT,"Fort Worth, TX",8019
51,Yusuf,29,38000,IT,"Los Angeles, CA",5183
75,Wali,28,40000,HR,"Indianapolis, IN",11809
57,Elena,26,36000,HR,"Philadelphia, PA",2774
79,Jonas,25,35000,HR,"Dallas, TX",8023
81,Charlie,28,39000,Finance,"Dallas, TX",3865
91,Mark,29,39000,IT,"Seattle, WA",1763
79,Jonas,25,35000,HR,"Washington, DC",11087
42,Paul,29,38500,Finance,"Indianapolis, IN",4736
60,Harry,29,39500,IT,"Jacksonville, FL",4799
61,Ilham,33,48000,HR,"Chicago, IL",4233
74,Vivi,37,49500,IT,"Washington, DC",2165
57,Elena,26,36000,HR,"Seattle, WA",1360
19,Sara,22,33000,HR,"Columbus, OH",1344
55,Clara,28,39000,Finance,"Chicago, IL",11734
32,Frank,40,58000,Management,"Charlotte, NC",10630
96,Shila,,195000,HR,"Fort Worth, TX",636
93,Ovi,42,200000,IT,"Indianapolis, IN",6247
19,Sara,22,33000,HR,"Houston, TX",6994
42,Paul,29,38500,Finance,"Denver, CO",11924
88,Julia,27,37000,IT,"Philadelphia, PA",6286
2,nick,30,42000,IT,"Austin, TX",10912
26,Zack,32,45000,IT,"Fort Worth, TX",9845
90,Linda,34,55000,Finance,"Jacksonville, FL",9670
61,Ilham,33,48000,HR,"Columbus, OH",9260
58,Fahim,40,58000,Management,"Denver, CO",11602
10,Julia,27,37000,IT,"Charlotte, NC",6700
68,Pari,29,38500,Finance,"Philadelphia, PA",11102
29,Charlie,28,39000,Finance,"Houston, TX",8825
69,Qadir,25,35000,Sales,"San Francisco, CA",2561
55,Clara,28,39000,Finance,"Columbus, OH",4878
96,Shila,,195000,HR,"San Francisco, CA",11545
28,nick,30,42000,IT,"Houston, TX",4230
52,Zara,26,36000,Sales,"Chicago, IL",8818
2,nick,30,42000,IT,"San Francisco, CA",6622
3,Charlie,28,39000,Finance,"Fort Worth, TX",2295
42,Paul,29,38500,Finance,"Jacksonville, FL",10541
63,Kamran,31,43000,Sales,"San Antonio, TX",4813
90,Linda,34,55000,Finance,"Philadelphia, PA",8687
99,Varun,37,49500,IT,"Washington, DC",5340
76,Xiya,31,43000,Finance,"Seattle, WA",11419
86,Helen,29,39500,IT,"Columbus, OH",4226
84,Frank,40,58000,Management,"Phoenix, AZ",759
32,Frank,40,58000,Management,"Columbus, OH",1741
10,Julia,27,37000,IT,"Fort Worth, TX",2343
78,Zeena,26,36000,Sales,"San Antonio, TX",6277
34,Helen,29,39500,IT,"San Antonio, TX",10204
84,Frank,40,58000,Management,"Phoenix, AZ",10908
3,Charlie,28,39000,Finance,"Washington, DC",2780
10,Julia,27,37000,IT,"Seattle, WA",9647
25,Yara,29,39500,Finance,"Washington, DC",8296
20,Tom,31,42000,IT,"Chicago, IL",5067
69,Qadir,25,35000,Sales,"Denver, CO",9800
71,Sham,32,44000,IT,"Denver, CO",10234
6,Frank,40,58000,Management,"San Antonio, TX",9072
13,Mark,29,39000,IT,"San Antonio, TX",1755
20,Tom,31,42000,IT,"Philadelphia, PA",10990
2,nick,30,42000,IT,"San Francisco, CA",6962
51,Yusuf,29,38000,IT,"San Francisco, CA",10932
65,Milo,29,39000,IT,"Jacksonville, FL",2158
99,Varun,37,49500,IT,"New York, NY",11676
43,Quinn,25,35000,Sales,"Columbus, OH",3148
37,Kevin,31,43000,Sales,"Seattle, WA",3871
99,Varun,37,49500,IT,"Dallas, TX",3929
82,David,35,52000,IT,"Austin, TX",10272
16,Peter,28,41000,Finance,"Indianapolis, IN",5360
35,Ian,33,48000,HR,"San Jose, CA",8120
33,Grace,,41000,Finance,"Seattle, WA",3432
13,Mark,29,39000,IT,"Washington, DC",5586
21,Uma,26,36500,Finance,"San Francisco, CA",10278
70,Rima,30,41000,HR,"Seattle, WA",7149
66,Nina,,36000,HR,"Indianapolis, IN",10804
68,Pari,29,38500,Finance,"Seattle, WA",8619
33,Grace,,41000,Finance,"Dallas, TX",5483
29,Charlie,28,39000,Finance,"Los Angeles, CA",3021
99,Varun,37,49500,IT,"Washington, DC",3202
97,Tito,39,250000,Sales,"Denver, CO",518
89,Kevin,31,43000,Sales,"Phoenix, AZ",3069
1,Jonas,25,35000,HR,"Philadelphia, PA",1283
77,Yuri,29,38000,IT,"Los Angeles, CA",10398
70,Rima,30,41000,HR,"San Jose, CA",914
75,Wali,28,40000,HR,"Fort Worth, TX",9055
57,Elena,26,36000,HR,"Los Angeles, CA",11267
31,Eva,26,36000,HR,"Indianapolis, IN",1603
85,Grace,,41000,Finance,"Jacksonville, FL",5391
55,Clara,28,39000,Finance,"Los Angeles, CA",5809
92,Nancy,,36000,HR,"San Diego, CA",1671
41,Oliver,36,50000,IT,"Indianapolis, IN",10390
95,Rafa,41,220000,IT,"Dallas, TX",9134
88,Julia,27,37000,IT,"Los Angeles, CA",6908
48,Varun,37,49500,IT,"Washington, DC",5245
29,Charlie,28,39000,Finance,"New York, NY",5061
100,Wendy,30,40000,HR,"Chicago, IL",11104
96,Shila,,195000,HR,"Jacksonville, FL",8672
2,nick,30,42000,IT,"Washington, DC",7136
81,Charlie,28,39000,Finance,"San Francisco, CA",3089
81,Charlie,28,39000,Finance,"Fort Worth, TX",10531
19,Sara,22,33000,HR,"New York, NY",10195
44,Rachel,30,41000,HR,"Jacksonville, FL",6222
18,Ron,60,1200000,Management,"San Diego, CA",1222
8,Helen,29,39500,IT,"Phoenix, AZ",1341
92,Nancy,,36000,HR,"Fort Worth, TX",2847
21,Uma,26,36500,Finance,"Columbus, OH",10913
49,Will,28,40000,HR,"Washington, DC",1145
84,Frank,40,58000,Management,"Austin, TX",8715
3,Charlie,28,39000,Finance,"Chicago, IL",3772
100,Wendy,30,40000,HR,"Chicago, IL",506
23,Wendy,30,40000,HR,"Seattle, WA",4201
77,Yuri,29,38000,IT,"Seattle, WA",11924
53,Amy,25,35000,HR,"Los Angeles, CA",11617
59,Gina,,41000,Finance,"Jacksonville, FL",9963
42,Paul,29,38500,Finance,"Jacksonville, FL",10884
97,Tito,39,250000,Sales,"Philadelphia, PA",6130
84,Frank,40,58000,Management,"Houston, TX",3056
98,Usha,24,34500,Sales,"Dallas, TX",3454
15,Oscar,45,870000,Management,"Austin, TX",7887
74,Vivi,37,49500,IT,"Chicago, IL",7288
68,Pari,29,38500,Finance,"Charlotte, NC",10291
3,Charlie,28,39000,Finance,"Denver, CO",10358
55,Clara,28,39000,Finance,"Washington, DC",9753
4,David,35,52000,IT,"Columbus, OH",5161
76,Xiya,31,43000,Finance,"Los Angeles, CA",4301
99,Varun,37,49500,IT,"Philadelphia, PA",6133
19,Sara,22,33000,HR,"Philadelphia, PA",7913
33,Grace,,41000,Finance,"San Jose, CA",1663
78,Zeena,26,36000,Sales,"Philadelphia, PA",1781
66,Nina,,36000,HR,"Chicago, IL",11356
14,Nancy,,36000,HR,"Fort Worth, TX",11587
29,Charlie,28,39000,Finance,"Dallas, TX",8687
65,Milo,29,39000,IT,"San Diego, CA",9900
32,Frank,40,58000,Management,"Charlotte, NC",802
78,Zeena,26,36000,Sales,"Jacksonville, FL",9447
22,Victor,27,38000,Sales,"Columbus, OH",4759
53,Amy,25,35000,HR,"Jacksonville, FL",6263
48,Varun,37,49500,IT,"Philadelphia, PA",9918
17,Queen,23,34000,Sales,"Houston, TX",8680
86,Helen,29,39500,IT,"San Francisco, CA",8075
51,Yusuf,29,38000,IT,"Washington, DC",9925
74,Vivi,37,49500,IT,"Indianapolis, IN",6478
84,Frank,40,58000,Management,"Dallas, TX",9589
33,Grace,,41000,Finance,"Austin, TX",6590
23,Wendy,30,40000,HR,"Fort Worth, TX",8654
85,Grace,,41000,Finance,"Charlotte, NC",8683
71,Sham,32,44000,IT,"Philadelphia, PA",6180
25,Yara,29,39500,Finance,"San Francisco, CA",7011
48,Varun,37,49500,IT,"Los Angeles, CA",3862
13,Mark,29,39000,IT,"Denver, CO",11111
29,Charlie,28,39000,Finance,"Houston, TX",11601
98,Usha,24,34500,Sales,"Houston, TX",10146
38,Linda,34,55000,Finance,"Los Angeles, CA",11019
84,Frank,40,58000,Management,"Seattle, WA",11055
44,Rachel,30,41000,HR,"Washington, DC",2512
52,Zara,26,36000,Sales,"Philadelphia, PA",1600
91,Mark,29,39000,IT,"Chicago, IL",9507
89,Kevin,31,43000,Sales,"Houston, TX",5604
58,Fahim,40,58000,Management,"San Jose, CA",6115
65,Milo,29,39000,IT,"Los Angeles, CA",10012
47,Usha,24,34500,Sales,"Jacksonville, FL",5002
96,Shila,,195000,HR,"Washington, DC",11026
17,Queen,23,34000,Sales,"Philadelphia, PA",8123
24,Xavier,55,950000,Management,"Houston, TX",5087
53,Amy,25,35000,HR,"San Diego, CA",9724
37,Kevin,31,43000,Sales,"Phoenix, AZ",6537
33,Grace,,41000,Finance,"Seattle, WA",1655
30,David,35,52000,IT,"Seattle, WA",9792
29,Charlie,28,39000,Finance,"San Diego, CA",11477
86,Helen,29,39500,IT,"Indianapolis, IN",1496
9,Ian,33,48000,HR,"Los Angeles, CA",10127
57,Elena,26,36000,HR,"Jacksonville, FL",5709
76,Xiya,31,43000,Finance,"New York, NY",3045
16,Peter,28,41000,Finance,"Jacksonville, FL",4200
87,Ian,33,48000,HR,"San Francisco, CA",7265
43,Quinn,25,35000,Sales,"Indianapolis, IN",5484
36,Julia,27,37000,IT,"Phoenix, AZ",853
13,Mark,29,39000,IT,"New York, NY",2818
1,Jonas,25,35000,HR,"San Francisco, CA",9430
24,Xavier,55,950000,Management,"Indianapolis, IN",3019
59,Gina,,41000,Finance,"Austin, TX",5927
63,Kamran,31,43000,Sales,"Dallas, TX",5103
53,Amy,25,35000,HR,"Seattle, WA",8746
20,Tom,31,42000,IT,"Jacksonville, FL",2584
45,Steve,32,44000,IT,"San Jose, CA",1399
20,Tom,31,42000,IT,"New York, NY",10794
54,Bran,,42000,IT,"Phoenix, AZ",9215
8,Helen,29,39500,IT,"Philadelphia, PA",962
56,Duke,35,52000,IT,"San Jose, CA",2001
67,Olga,36,50000,IT,"San Diego, CA",1215
14,Nancy,,36000,HR,"Washington, DC",5830
71,Sham,32,44000,IT,"Phoenix, AZ",11989
75,Wali,28,40000,HR,"Dallas, TX",7674
22,Victor,27,38000,Sales,"San Jose, CA",11471
43,Quinn,25,35000,Sales,"Austin, TX",4111
100,Wendy,30,40000,HR,"Chicago, IL",9680
40,Nancy,,36000,HR,"Charlotte, NC",10520
65,Milo,29,39000,IT,"San Jose, CA",711
76,Xiya,31,43000,Finance,"Denver, CO",7856
65,Milo,29,39000,IT,"Houston, TX",11838
44,Rachel,30,41000,HR,"Los Angeles, CA",1253
63,Kamran,31,43000,Sales,"San Francisco, CA",4250
1,Jonas,25,35000,HR,"Houston, TX",3722
98,Usha,24,34500,Sales,"New York, NY",935
68,Pari,29,38500,Finance,"Los Angeles, CA",10593
75,Wali,28,40000,HR,"Columbus, OH",9927
4,David,35,52000,IT,"Phoenix, AZ",9470
30,David,35,52000,IT,"Seattle, WA",5429
31,Eva,26,36000,HR,"New York, NY",2460
53,Amy,25,35000,HR,"San Francisco, CA",4772
31,Eva,26,36000,HR,"San Antonio, TX",10498
18,Ron,60,1200000,Management,"Phoenix, AZ",6313
51,Yusuf,29,38000,IT,"San Diego, CA",11922
79,Jonas,25,35000,HR,"San Diego, CA",2224
18,Ron,60,1200000,Management,"San Francisco, CA",8877
26,Zack,32,45000,IT,"Austin, TX",1994
28,nick,30,42000,IT,"Chicago, IL",2479
2,nick,30,42000,IT,"Denver, CO",5928
91,Mark,29,39000,IT,"Columbus, OH",4553
37,Kevin,31,43000,Sales,"Los Angeles, CA",8937
19,Sara,22,33000,HR,"San Francisco, CA",7660
66,Nina,,36000,HR,"Seattle, WA",9075
19,Sara,22,33000,HR,"New York, NY",7709
67,Olga,36,50000,IT,"San Diego, CA",784
55,Clara,28,39000,Finance,"New York, NY",5583
92,Nancy,,36000,HR,"Denver, CO",4494
96,Shila,,195000,HR,"Phoenix, AZ",8991
89,Kevin,31,43000,Sales,"Fort Worth, TX",1400
15,Oscar,45,870000,Management,"Columbus, OH",1959
28,nick,30,42000,IT,"Charlotte, NC",3421
96,Shila,,195000,HR,"Charlotte, NC",3033
24,Xavier,55,950000,Management,"Charlotte, NC",7079
36,Julia,27,37000,IT,"San Diego, CA",1305
1,Jonas,25,35000,HR,"Philadelphia, PA",8095
2,nick,30,42000,IT,"Denver, CO",2728
99,Varun,37,49500,IT,"Denver, CO",2421
61,Ilham,33,48000,HR,"Phoenix, AZ",5472
37,Kevin,31,43000,Sales,"Phoenix, AZ",2887
66,Nina,,36000,HR,"San Jose, CA",11230
32,Frank,40,58000,Management,"Fort Worth, TX",2496
6,Frank,40,58000,Management,"Houston, TX",5325
57,Elena,26,36000,HR,"Indianapolis, IN",5782
97,Tito,39,250000,Sales,"New York, NY",3003
97,Tito,39,250000,Sales,"San Jose, CA",604
97,Tito,39,250000,Sales,"Philadelphia, PA",7362
96,Shila,,195000,HR,"Chicago, IL",9130
93,Ovi,42,200000,IT,"Columbus, OH",2021
94,Puja,38,185000,Finance,"Washington, DC",1851
88,Julia,27,37000,IT,"Dallas, TX",3198
38,Linda,34,55000,Finance,"Columbus, OH",4112
61,Ilham,33,48000,HR,"Los Angeles, CA",1008
73,Umar,24,34500,Sales,"Columbus, OH",5810
83,Eva,26,36000,HR,"Phoenix, AZ",6690
53,Amy,25,35000,HR,"Chicago, IL",1774
87,Ian,33,48000,HR,"San Antonio, TX",3322
41,Oliver,36,50000,IT,"Phoenix, AZ",563
92,Nancy,,36000,HR,"Chicago, IL",4421
58,Fahim,40,58000,Management,"Washington, DC",1359
92,Nancy,,36000,HR,"San Jose, CA",11519
27,Jonas,25,35000,HR,"Los Angeles, CA",2047
13,Mark,29,39000,IT,"Houston, TX",2576
23,Wendy,30,40000,HR,"Fort Worth, TX",936
41,Oliver,36,50000,IT,"San Diego, CA",6585
58,Fahim,40,58000,Management,"Chicago, IL",4157
43,Quinn,25,35000,Sales,"Fort Worth, TX",1262
71,Sham,32,44000,IT,"San Diego, CA",1235
46,Tina,27,37500,Finance,"Denver, CO",7714
61,Ilham,33,48000,HR,"San Diego, CA",8084
46,Tina,27,37500,Finance,"San Jose, CA",4594
52,Zara,26,36000,Sales,"Fort Worth, TX",7094
55,Clara,28,39000,Finance,"Columbus, OH",5228
99,Varun,37,49500,IT,"Austin, TX",10270
64,Lara,34,55000,Finance,"Philadelphia, PA",4229
93,Ovi,42,200000,IT,"Denver, CO",7741
21,Uma,26,36500,Finance,"Houston, TX",1576
37,Kevin,31,43000,Sales,"Fort Worth, TX",10972
98,Usha,24,34500,Sales,"Jacksonville, FL",2330
20,Tom,31,42000,IT,"Columbus, OH",10590
56,Duke,35,52000,IT,"San Diego, CA",1173
13,Mark,29,39000,IT,"Chicago, IL",1048
64,Lara,34,55000,Finance,"Houston, TX",9628
93,Ovi,42,200000,IT,"San Diego, CA",1395
34,Helen,29,39500,IT,"Phoenix, AZ",3069
68,Pari,29,38500,Finance,"Los Angeles, CA",10779
69,Qadir,25,35000,Sales,"Phoenix, AZ",1413
72,Tara,27,37500,Finance,"Dallas, TX",1676
99,Varun,37,49500,IT,"San Jose, CA",7773
69,Qadir,25,35000,Sales,"San Diego, CA",7196
3,Charlie,28,39000,Finance,"Charlotte, NC",5365
71,Sham,32,44000,IT,"New York, NY",4806
100,Wendy,30,40000,HR,"Chicago, IL",3773
92,Nancy,,36000,HR,"Phoenix, AZ",7076
37,Kevin,31,43000,Sales,"San Jose, CA",2022
100,Wendy,30,40000,HR,"Dallas, TX",6925
21,Uma,26,36500,Finance,"Chicago, IL",7977
44,Rachel,30,41000,HR,"Los Angeles, CA",3302
32,Frank,40,58000,Management,"Fort Worth, TX",3622
69,Qadir,25,35000,Sales,"Philadelphia, PA",2956
18,Ron,60,1200000,Management,"Columbus, OH",2149
38,Linda,34,55000,Finance,"Denver, CO",2820
12,Linda,34,55000,Finance,"Phoenix, AZ",11197
55,Clara,28,39000,Finance,"Columbus, OH",1643
26,Zack,32,45000,IT,"Phoenix, AZ",8737
14,Nancy,,36000,HR,"San Jose, CA",3814
75,Wali,28,40000,HR,"Seattle, WA",4906
66,Nina,,36000,HR,"Austin, TX",3109
38,Linda,34,55000,Finance,"New York, NY",8091
58,Fahim,40,58000,Management,"Philadelphia, PA",3619
100,Wendy,30,40000,HR,"Washington, DC",1900
33,Grace,,41000,Finance,"Austin, TX",10283
13,Mark,29,39000,IT,"Phoenix, AZ",8699
10,Julia,27,37000,IT,"Charlotte, NC",9675
7,Grace,,41000,Finance,"Los Angeles, CA",4097
65,Milo,29,39000,IT,"San Antonio, TX",10442
6,Frank,40,58000,Management,"Indianapolis, IN",5989
21,Uma,26,36500,Finance,"San Jose, CA",4011
40,Nancy,,36000,HR,"Seattle, WA",4328
41,Oliver,36,50000,IT,"New York, NY",1065
16,Peter,28,41000,Finance,"Phoenix, AZ",8151
28,nick,30,42000,IT,"Dallas, TX",11012
32,Frank,40,58000,Management,"Austin, TX",9592
91,Mark,29,39000,IT,"Columbus, OH",10870
53,Amy,25,35000,HR,"Austin, TX",3271
2,nick,30,42000,IT,"San Jose, CA",7277
70,Rima,30,41000,HR,"San Antonio, TX",613
76,Xiya,31,43000,Finance,"Austin, TX",1031
24,Xavier,55,950000,Management,"Columbus, OH",10214
67,Olga,36,50000,IT,"Washington, DC",3910
96,Shila,,195000,HR,"San Jose, CA",9736
3,Charlie,28,39000,Finance,"Dallas, TX",6339
62,Jasmine,27,37000,IT,"New York, NY",8724
26,Zack,32,45000,IT,"Fort Worth, TX",8824
13,Mark,29,39000,IT,"Austin, TX",11659
8,Helen,29,39500,IT,"Phoenix, AZ",2226
74,Vivi,37,49500,IT,"Houston, TX",5570
62,Jasmine,27,37000,IT,"Los Angeles, CA",8717
98,Usha,24,34500,Sales,"New York, NY",3148
19,Sara,22,33000,HR,"Jacksonville, FL",9953
22,Victor,27,38000,Sales,"Charlotte, NC",2565
28,nick,30,42000,IT,"Los Angeles, CA",1433
7,Grace,,41000,Finance,"Seattle, WA",1550
83,Eva,26,36000,HR,"Columbus, OH",9508
22,Victor,27,38000,Sales,"Philadelphia, PA",6530
8,Helen,29,39500,IT,"San Diego, CA",7616
44,Rachel,30,41000,HR,"Jacksonville, FL",5543
20,Tom,31,42000,IT,"Philadelphia, PA",9429
51,Yusuf,29,38000,IT,"Dallas, TX",6967
94,Puja,38,185000,Finance,"Washington, DC",11606
33,Grace,,41000,Finance,"Denver, CO",4102
24,Xavier,55,950000,Management,"New York, NY",7378
11,Kevin,31,43000,Sales,"San Jose, CA",1292
64,Lara,34,55000,Finance,"Indianapolis, IN",11867
70,Rima,30,41000,HR,"Washington, DC",6463
33,Grace,,41000,Finance,"San Antonio, TX",10047
24,Xavier,55,950000,Management,"Houston, TX",1885
6,Frank,40,58000,Management,"Denver, CO",1560
48,Varun,37,49500,IT,"Los Angeles, CA",10063
8,Helen,29,39500,IT,"Denver, CO",8423
25,Yara,29,39500,Finance,"Dallas, TX",4638
36,Julia,27,37000,IT,"San Francisco, CA",1649
1,Jonas,25,35000,HR,"Los Angeles, CA",8193
60,Harry,29,39500,IT,"Jacksonville, FL",11894
74,Vivi,37,49500,IT,"Seattle, WA",7992
4,David,35,52000,IT,"Philadelphia, PA",6827
25,Yara,29,39500,Finance,"San Antonio, TX",3853
55,Clara,28,39000,Finance,"Phoenix, AZ",11634
72,Tara,27,37500,Finance,"Dallas, TX",6469
62,Jasmine,27,37000,IT,"San Antonio, TX",5128
42,Paul,29,38500,Finance,"Jacksonville, FL",3948
28,nick,30,42000,IT,"Philadelphia, PA",5827
60,Harry,29,39500,IT,"Chicago, IL",11739
46,Tina,27,37500,Finance,"Phoenix, AZ",11402
5,Eva,26,36000,HR,"Phoenix, AZ",10192
47,Usha,24,34500,Sales,"Denver, CO",5549
36,Julia,27,37000,IT,"Indianapolis, IN",568
96,Shila,,195000,HR,"Jacksonville, FL",10558
33,Grace,,41000,Finance,"Jacksonville, FL",10640
38,Linda,34,55000,Finance,"Philadelphia, PA",4008
30,David,35,52000,IT,"Denver, CO",800
4,David,35,52000,IT,"Philadelphia, PA",11669
10,Julia,27,37000,IT,"Philadelphia, PA",7297
50,Xena,31,43000,Finance,"San Jose, CA",3100
91,Mark,29,39000,IT,"Washington, DC",2653
62,Jasmine,27,37000,IT,"Philadelphia, PA",5405
13,Mark,29,39000,IT,"San Diego, CA",4518
66,Nina,,36000,HR,"Chicago, IL",3582
85,Grace,,41000,Finance,"Houston, TX",7574
9,Ian,33,48000,HR,"Fort Worth, TX",1739
29,Charlie,28,39000,Finance,"Jacksonville, FL",11625
87,Ian,33,48000,HR,"Denver, CO",11060
31,Eva,26,36000,HR,"New York, NY",959
3,Charlie,28,39000,Finance,"Dallas, TX",8482
5,Eva,26,36000,HR,"San Antonio, TX",3126
28,nick,30,42000,IT,"Jacksonville, FL",4263
90,Linda,34,55000,Finance,"Phoenix, AZ",7520
54,Bran,,42000,IT,"Fort Worth, TX",3301
69,Qadir,25,35000,Sales,"Austin, TX",963
78,Zeena,26,36000,Sales,"Los Angeles, CA",1497
29,Charlie,28,39000,Finance,"Fort Worth, TX",6141
89,Kevin,31,43000,Sales,"New York, NY",6884
54,Bran,,42000,IT,"Jacksonville, FL",11698
84,Frank,40,58000,Management,"Charlotte, NC",2178
76,Xiya,31,43000,Finance,"Washington, DC",1364
27,Jonas,25,35000,HR,"Indianapolis, IN",9882
6,Frank,40,58000,Management,"Seattle, WA",8236
79,Jonas,25,35000,HR,"Los Angeles, CA",3197
34,Helen,29,39500,IT,"San Francisco, CA",11066
72,Tara,27,37500,Finance,"Phoenix, AZ",9556
3,Charlie,28,39000,Finance,"Washington, DC",11268
92,Nancy,,36000,HR,"Indianapolis, IN",3426
50,Xena,31,43000,Finance,"Houston, TX",8042
85,Grace,,41000,Finance,"Charlotte, NC",4929
83,Eva,26,36000,HR,"Denver, CO",7910
68,Pari,29,38500,Finance,"San Diego, CA",7718
87,Ian,33,48000,HR,"New York, NY",7525
6,Frank,40,58000,Management,"Chicago, IL",2897
12,Linda,34,55000,Finance,"Fort Worth, TX",2721
63,Kamran,31,43000,Sales,"San Francisco, CA",6314
45,Steve,32,44000,IT,"Chicago, IL",7004
42,Paul,29,38500,Finance,"Dallas, TX",8022
67,Olga,36,50000,IT,"Phoenix, AZ",6285
79,Jonas,25,35000,HR,"Dallas, TX",10474
84,Frank,40,58000,Management,"Charlotte, NC",6719
61,Ilham,33,48000,HR,"Seattle, WA",4498
8,Helen,29,39500,IT,"Austin, TX",3303
94,Puja,38,185000,Finance,"New York, NY",5047
1,Jonas,25,35000,HR,"Dallas, TX",11650
88,Julia,27,37000,IT,"Seattle, WA",10470
25,Yara,29,39500,Finance,"Indianapolis, IN",7010
82,David,35,52000,IT,"Jacksonville, FL",9517
11,Kevin,31,43000,Sales,"San Antonio, TX",4161
35,Ian,33,48000,HR,"San Jose, CA",11787
75,Wali,28,40000,HR,"San Antonio, TX",10849
34,Helen,29,39500,IT,"New York, NY",551
88,Julia,27,37000,IT,"Los Angeles, CA",6558
36,Julia,27,37000,IT,"San Jose, CA",4015
81,Charlie,28,39000,Finance,"Dallas, TX",3830
70,Rima,30,41000,HR,"Philadelphia, PA",7991
87,Ian,33,48000,HR,"Washington, DC",2174
37,Kevin,31,43000,Sales,"Washington, DC",6528
51,Yusuf,29,38000,IT,"Denver, CO",11557
41,Oliver,36,50000,IT,"San Diego, CA",1861
72,Tara,27,37500,Finance,"Los Angeles, CA",9478
72,Tara,27,37500,Finance,"Phoenix, AZ",1055
6,Frank,40,58000,Management,"San Francisco, CA",10731
5,Eva,26,36000,HR,"Philadelphia, PA",8292
40,Nancy,,36000,HR,"San Jose, CA",10454
71,Sham,32,44000,IT,"San Antonio, TX",2612
25,Yara,29,39500,Finance,"San Jose, CA",2710
100,Wendy,30,40000,HR,"Indianapolis, IN",2201
58,Fahim,40,58000,Management,"Fort Worth, TX",10778
60,Harry,29,39500,IT,"Washington, DC",3212
11,Kevin,31,43000,Sales,"Austin, TX",6963
75,Wali,28,40000,HR,"Austin, TX",11099
37,Kevin,31,43000,Sales,"Austin, TX",2816
48,Varun,37,49500,IT,"San Antonio, TX",6969
94,Puja,38,185000,Finance,"Fort Worth, TX",2110
4,David,35,52000,IT,"Los Angeles, CA",4852
15,Oscar,45,870000,Management,"San Antonio, TX",6843
60,Harry,29,39500,IT,"Charlotte, NC",5205
66,Nina,,36000,HR,"Washington, DC",9819
67,Olga,36,50000,IT,"Charlotte, NC",5991
69,Qadir,25,35000,Sales,"Denver, CO",9596
46,Tina,27,37500,Finance,"Indianapolis, IN",8855
89,Kevin,31,43000,Sales,"Jacksonville, FL",9828
41,Oliver,36,50000,IT,"Phoenix, AZ",5210
94,Puja,38,185000,Finance,"New York, NY",2525
100,Wendy,30,40000,HR,"San Francisco, CA",605
15,Oscar,45,870000,Management,"Phoenix, AZ",4959
26,Zack,32,45000,IT,"Austin, TX",3592
87,Ian,33,48000,HR,"Indianapolis, IN",10713
24,Xavier,55,950000,Management,"Dallas, TX",9844
10,Julia,27,37000,IT,"Houston, TX",1198
44,Rachel,30,41000,HR,"Jacksonville, FL",11962
3,Charlie,28,39000,Finance,"Phoenix, AZ",9438
87,Ian,33,48000,HR,"Washington, DC",6571
99,Varun,37,49500,IT,"Phoenix, AZ",6239
20,Tom,31,42000,IT,"Los Angeles, CA",9652
42,Paul,29,38500,Finance,"Fort Worth, TX",3991
29,Charlie,28,39000,Finance,"Indianapolis, IN",3797
48,Varun,37,49500,IT,"Washington, DC",3477
98,Usha,24,34500,Sales,"Austin, TX",708
88,Julia,27,37000,IT,"Seattle, WA",3816
26,Zack,32,45000,IT,"San Diego, CA",5907
18,Ron,60,1200000,Management,"San Diego, CA",7733
28,nick,30,42000,IT,"Houston, TX",2391
79,Jonas,25,35000,HR,"San Francisco, CA",9868
14,Nancy,,36000,HR,"New York, NY",4006
70,Rima,30,41000,HR,"Washington, DC",2539
29,Charlie,28,39000,Finance,"Dallas, TX",3789
96,Shila,,195000,HR,"Phoenix, AZ",10144
75,Wali,28,40000,HR,"Indianapolis, IN",7145
74,Vivi,37,49500,IT,"Los Angeles, CA",5261
82,David,35,52000,IT,"Los Angeles, CA",2117
81,Charlie,28,39000,Finance,"Chicago, IL",8686
65,Milo,29,39000,IT,"Jacksonville, FL",934
41,Oliver,36,50000,IT,"Austin, TX",11019
79,Jonas,25,35000,HR,"Charlotte, NC",2146
7,Grace,,41000,Finance,"San Jose, CA",11855
15,Oscar,45,870000,Management,"San Jose, CA",7167
27,Jonas,25,35000,HR,"New York, NY",5758
97,Tito,39,250000,Sales,"Philadelphia, PA",7690
96,Shila,,195000,HR,"Washington, DC",1940
47,Usha,24,34500,Sales,"Philadelphia, PA",6595
19,Sara,22,33000,HR,"Fort Worth, TX",7375
66,Nina,,36000,HR,"Washington, DC",4943
77,Yuri,29,38000,IT,"Philadelphia, PA",5360
80,nick,30,42000,IT,"Columbus, OH",9625
33,Grace,,41000,Finance,"Dallas, TX",11247
10,Julia,27,37000,IT,"Houston, TX",9838
55,Clara,28,39000,Finance,"San Antonio, TX",8213
60,Harry,29,39500,IT,"Fort Worth, TX",880
16,Peter,28,41000,Finance,"Columbus, OH",9516
9,Ian,33,48000,HR,"Chicago, IL",10230
55,Clara,28,39000,Finance,"San Jose, CA",7673
50,Xena,31,43000,Finance,"Indianapolis, IN",2137
72,Tara,27,37500,Finance,"Washington, DC",8043
80,nick,30,42000,IT,"Seattle, WA",1024
13,Mark,29,39000,IT,"Seattle, WA",3607
11,Kevin,31,43000,Sales,"Charlotte, NC",8642
31,Eva,26,36000,HR,"Washington, DC",1593
55,Clara,28,39000,Finance,"San Francisco, CA",604
58,Fahim,40,58000,Management,"San Antonio, TX",2239
38,Linda,34,55000,Finance,"Denver, CO",11052
13,Mark,29,39000,IT,"Jacksonville, FL",3626
83,Eva,26,36000,HR,"Philadelphia, PA",2176
39,Mark,29,39000,IT,"Washington, DC",8404
55,Clara,28,39000,Finance,"San Francisco, CA",11046
34,Helen,29,39500,IT,"San Antonio, TX",8527
90,Linda,34,55000,Finance,"Austin, TX",5416
8,Helen,29,39500,IT,"San Diego, CA",3434
26,Zack,32,45000,IT,"Jacksonville, FL",10564
87,Ian,33,48000,HR,"Denver, CO",5656
52,Zara,26,36000,Sales,"Los Angeles, CA",1542
86,Helen,29,39500,IT,"San Jose, CA",10133
13,Mark,29,39000,IT,"Jacksonville, FL",2345
88,Julia,27,37000,IT,"Charlotte, NC",4001
59,Gina,,41000,Finance,"Philadelphia, PA",2041
68,Pari,29,38500,Finance,"San Diego, CA",966
43,Quinn,25,35000,Sales,"Washington, DC",3444
82,David,35,52000,IT,"Fort Worth, TX",4794
95,Rafa,41,220000,IT,"Los Angeles, CA",2091
4,David,35,52000,IT,"Dallas, TX",11507
43,Quinn,25,35000,Sales,"Philadelphia, PA",4572
35,Ian,33,48000,HR,"Chicago, IL",4072
100,Wendy,30,40000,HR,"San Francisco, CA",9885
40,Nancy,,36000,HR,"Los Angeles, CA",6478
81,Charlie,28,39000,Finance,"Fort Worth, TX",793
56,Duke,35,52000,IT,"San Antonio, TX",9613
97,Tito,39,250000,Sales,"Seattle, WA",6358
20,Tom,31,42000,IT,"Philadelphia, PA",1838
2,nick,30,42000,IT,"Philadelphia, PA",11890
29,Charlie,28,39000,Finance,"San Antonio, TX",11106
81,Charlie,28,39000,Finance,"Seattle, WA",5709
15,Oscar,45,870000,Management,"Charlotte, NC",3975
82,David,35,52000,IT,"Seattle, WA",10233
44,Rachel,30,41000,HR,"Seattle, WA",2998
21,Uma,26,36500,Finance,"Phoenix, AZ",9599
74,Vivi,37,49500,IT,"San Jose, CA",6228
76,Xiya,31,43000,Finance,"Austin, TX",7817
24,Xavier,55,950000,Management,"San Antonio, TX",2993
19,Sara,22,33000,HR,"New York, NY",10819
20,Tom,31,42000,IT,"New York, NY",3588
59,Gina,,41000,Finance,"San Jose, CA",6781
34,Helen,29,39500,IT,"Austin, TX",7295
65,Milo,29,39000,IT,"Jacksonville, FL",6127
91,Mark,29,39000,IT,"San Francisco, CA",4490
97,Tito,39,250000,Sales,"Columbus, OH",4251
87,Ian,33,48000,HR,"San Diego, CA",7741
50,Xena,31,43000,Finance,"San Antonio, TX",2597
82,David,35,52000,IT,"Indianapolis, IN",3674
20,Tom,31,42000,IT,"Houston, TX",887
42,Paul,29,38500,Finance,"Houston, TX",798
19,Sara,22,33000,HR,"Los Angeles, CA",4934
93,Ovi,42,200000,IT,"Phoenix, AZ",4561
63,Kamran,31,43000,Sales,"Phoenix, AZ",973
78,Zeena,26,36000,Sales,"Chicago, IL",5557
38,Linda,34,55000,Finance,"Indianapolis, IN",11905
24,Xavier,55,950000,Management,"Fort Worth, TX",5789
7,Grace,,41000,Finance,"Dallas, TX",4608
9,Ian,33,48000,HR,"Austin, TX",9140
12,Linda,34,55000,Finance,"Denver, CO",2721
97,Tito,39,250000,Sales,"Washington, DC",10674
29,Charlie,28,39000,Finance,"San Diego, CA",5751
69,Qadir,25,35000,Sales,"New York, NY",4111
74,Vivi,37,49500,IT,"Washington, DC",3142
57,Elena,26,36000,HR,"Seattle, WA",2420
79,Jonas,25,35000,HR,"New York, NY",7575
98,Usha,24,34500,Sales,"Denver, CO",6494
95,Rafa,41,220000,IT,"Austin, TX",2816
10,Julia,27,37000,IT,"Denver, CO",1774
38,Linda,34,55000,Finance,"San Antonio, TX",10307
100,Wendy,30,40000,HR,"Austin, TX",5483
57,Elena,26,36000,HR,"San Francisco, CA",8334
65,Milo,29,39000,IT,"Fort Worth, TX",4118
66,Nina,,36000,HR,"Houston, TX",10998
75,Wali,28,40000,HR,"Columbus, OH",759
94,Puja,38,185000,Finance,"Columbus, OH",3706
37,Kevin,31,43000,Sales,"Denver, CO",10204
53,Amy,25,35000,HR,"Houston, TX",10820
52,Zara,26,36000,Sales,"Austin, TX",5678
13,Mark,29,39000,IT,"Fort Worth, TX",5858
20,Tom,31,42000,IT,"Philadelphia, PA",10868
6,Frank,40,58000,Management,"Denver, CO",5007
27,Jonas,25,35000,HR,"New York, NY",6958
55,Clara,28,39000,Finance,"Columbus, OH",8041
72,Tara,27,37500,Finance,"Columbus, OH",4008
69,Qadir,25,35000,Sales,"Washington, DC",7805
45,Steve,32,44000,IT,"San Antonio, TX",5494
60,Harry,29,39500,IT,"Austin, TX",11772
66,Nina,,36000,HR,"Denver, CO",8923
31,Eva,26,36000,HR,"Chicago, IL",7254
11,Kevin,31,43000,Sales,"Seattle, WA",9421
67,Olga,36,50000,IT,"Chicago, IL",11704
96,Shila,,195000,HR,"New York, NY",6016
77,Yuri,29,38000,IT,"Jacksonville, FL",6368
10,Julia,27,37000,IT,"Charlotte, NC",6299
71,Sham,32,44000,IT,"Charlotte, NC",3429
73,Umar,24,34500,Sales,"Denver, CO",9009
23,Wendy,30,40000,HR,"Charlotte, NC",2030
18,Ron,60,1200000,Management,"Washington, DC",8413
3,Charlie,28,39000,Finance,"Austin, TX",9802
18,Ron,60,1200000,Management,"Chicago, IL",1215
43,Quinn,25,35000,Sales,"Philadelphia, PA",10033
50,Xena,31,43000,Finance,"San Diego, CA",8027
24,Xavier,55,950000,Management,"Washington, DC",3812
27,Jonas,25,35000,HR,"New York, NY",7723
85,Grace,,41000,Finance,"Seattle, WA",11812
43,Quinn,25,35000,Sales,"Columbus, OH",11779
93,Ovi,42,200000,IT,"Columbus, OH",5692
31,Eva,26,36000,HR,"Fort Worth, TX",7527
72,Tara,27,37500,Finance,"Indianapolis, IN",701
95,Rafa,41,220000,IT,"Fort Worth, TX",2640
96,Shila,,195000,HR,"Houston, TX",10364
97,Tito,39,250000,Sales,"Houston, TX",9748
71,Sham,32,44000,IT,"Houston, TX",4171
24,Xavier,55,950000,Management,"Seattle, WA",9110
34,Helen,29,39500,IT,"San Diego, CA",7870
31,Eva,26,36000,HR,"Seattle, WA",3098
32,Frank,40,58000,Management,"Charlotte, NC",9317
83,Eva,26,36000,HR,"Austin, TX",10570
49,Will,28,40000,HR,"Seattle, WA",2444
42,Paul,29,38500,Finance,"Los Angeles, CA",3429
84,Frank,40,58000,Management,"Los Angeles, CA",11459
10,Julia,27,37000,IT,"San Francisco, CA",3883
1,Jonas,25,35000,HR,"New York, NY",4040
83,Eva,26,36000,HR,"Austin, TX",893
87,Ian,33,48000,HR,"Washington, DC",11548
24,Xavier,55,950000,Management,"San Francisco, CA",11611
49,Will,28,40000,HR,"San Antonio, TX",7510
72,Tara,27,37500,Finance,"Indianapolis, IN",11310
98,Usha,24,34500,Sales,"Philadelphia, PA",7277
50,Xena,31,43000,Finance,"Columbus, OH",9323
34,Helen,29,39500,IT,"Philadelphia, PA",11548
13,Mark,29,39000,IT,"Chicago, IL",821
97,Tito,39,250000,Sales,"Fort Worth, TX",5169
83,Eva,26,36000,HR,"San Francisco, CA",2193
30,David,35,52000,IT,"Indianapolis, IN",1563
100,Wendy,30,40000,HR,"Columbus, OH",8421
48,Varun,37,49500,IT,"Dallas, TX",3611
48,Varun,37,49500,IT,"Jacksonville, FL",10168
63,Kamran,31,43000,Sales,"Indianapolis, IN",11609
91,Mark,29,39000,IT,"Denver, CO",3761
68,Pari,29,38500,Finance,"Austin, TX",11485
50,Xena,31,43000,Finance,"Washington, DC",3586
61,Ilham,33,48000,HR,"Indianapolis, IN",4311
79,Jonas,25,35000,HR,"Columbus, OH",3851
94,Puja,38,185000,Finance,"New York, NY",7580
64,Lara,34,55000,Finance,"San Jose, CA",9650
26,Zack,32,45000,IT,"Charlotte, NC",4643
37,Kevin,31,43000,Sales,"San Antonio, TX",6832
70,Rima,30,41000,HR,"San Diego, CA",6947
42,Paul,29,38500,Finance,"Los Angeles, CA",10274
24,Xavier,55,950000,Management,"Seattle, WA",8363
47,Usha,24,34500,Sales,"San Francisco, CA",3676
32,Frank,40,58000,Management,"Washington, DC",2916
70,Rima,30,41000,HR,"Phoenix, AZ",8168
54,Bran,,42000,IT,"Houston, TX",9151
83,Eva,26,36000,HR,"Chicago, IL",10986
23,Wendy,30,40000,HR,"Chicago, IL",2811
45,Steve,32,44000,IT,"Columbus, OH",1729
67,Olga,36,50000,IT,"Denver, CO",2030
84,Frank,40,58000,Management,"Denver, CO",10079
96,Shila,,195000,HR,"Dallas, TX",3297
61,Ilham,33,48000,HR,"San Francisco, CA",1863
42,Paul,29,38500,Finance,"Jacksonville, FL",5002
27,Jonas,25,35000,HR,"San Jose, CA",952
53,Amy,25,35000,HR,"Columbus, OH",4404
44,Rachel,30,41000,HR,"San Francisco, CA",6496
38,Linda,34,55000,Finance,"San Francisco, CA",1077
90,Linda,34,55000,Finance,"Jacksonville, FL",4419
22,Victor,27,38000,Sales,"San Diego, CA",11704
19,Sara,22,33000,HR,"Jacksonville, FL",7817
83,Eva,26,36000,HR,"San Diego, CA",3764
48,Varun,37,49500,IT,"Houston, TX",2431
1,Jonas,25,35000,HR,"Washington, DC",4742
64,Lara,34,55000,Finance,"Chicago, IL",8681
45,Steve,32,44000,IT,"San Antonio, TX",682
22,Victor,27,38000,Sales,"Charlotte, NC",11869
54,Bran,,42000,IT,"Philadelphia, PA",8927
72,Tara,27,37500,Finance,"San Antonio, TX",1137
90,Linda,34,55000,Finance,"Charlotte, NC",3505
38,Linda,34,55000,Finance,"Washington, DC",11171
57,Elena,26,36000,HR,"Los Angeles, CA",3972
93,Ovi,42,200000,IT,"Houston, TX",1024
80,nick,30,42000,IT,"Austin, TX",11482
43,Quinn,25,35000,Sales,"Dallas, TX",6159
54,Bran,,42000,IT,"Philadelphia, PA",2870
72,Tara,27,37500,Finance,"Phoenix, AZ",9976
39,Mark,29,39000,IT,"San Diego, CA",2135
91,Mark,29,39000,IT,"Jacksonville, FL",10415
13,Mark,29,39000,IT,"San Jose, CA",11138
56,Duke,35,52000,IT,"Jacksonville, FL",4932
79,Jonas,25,35000,HR,"Dallas, TX",7967
31,Eva,26,36000,HR,"Seattle, WA",4714
49,Will,28,40000,HR,"Indianapolis, IN",10273
8,Helen,29,39500,IT,"San Jose, CA",11152
69,Qadir,25,35000,Sales,"Denver, CO",1079
84,Frank,40,58000,Management,"Houston, TX",8350
59,Gina,,41000,Finance,"San Jose, CA",4441
39,Mark,29,39000,IT,"San Francisco, CA",8887
51,Yusuf,29,38000,IT,"Dallas, TX",9024
20,Tom,31,42000,IT,"Seattle, WA",3591
40,Nancy,,36000,HR,"Los Angeles, CA",5218
74,Vivi,37,49500,IT,"Washington, DC",9349
36,Julia,27,37000,IT,"San Jose, CA",9395
11,Kevin,31,43000,Sales,"Austin, TX",6052
38,Linda,34,55000,Finance,"San Diego, CA",5478
98,Usha,24,34500,Sales,"Columbus, OH",10141
26,Zack,32,45000,IT,"San Antonio, TX",1752
5,Eva,26,36000,HR,"Los Angeles, CA",9215
70,Rima,30,41000,HR,"Austin, TX",10956
97,Tito,39,250000,Sales,"Houston, TX",2922
64,Lara,34,55000,Finance,"Charlotte, NC",8727
9,Ian,33,48000,HR,"Chicago, IL",9467
23,Wendy,30,40000,HR,"Seattle, WA",527
62,Jasmine,27,37000,IT,"New York, NY",8039
22,Victor,27,38000,Sales,"Washington, DC",585
7,Grace,,41000,Finance,"San Jose, CA",10927
72,Tara,27,37500,Finance,"Charlotte, NC",11044
56,Duke,35,52000,IT,"Los Angeles, CA",7409
96,Shila,,195000,HR,"San Antonio, TX",4781
48,Varun,37,49500,IT,"New York, NY",5153
97,Tito,39,250000,Sales,"Houston, TX",8533
78,Zeena,26,36000,Sales,"New York, NY",8164
46,Tina,27,37500,Finance,"Seattle, WA",11248
60,Harry,29,39500,IT,"Austin, TX",5566
62,Jasmine,27,37000,IT,"San Jose, CA",756
31,Eva,26,36000,HR,"Chicago, IL",1947
19,Sara,22,33000,HR,"Charlotte, NC",6200
46,Tina,27,37500,Finance,"Philadelphia, PA",10936
41,Oliver,36,50000,IT,"Charlotte, NC",5099
87,Ian,33,48000,HR,"San Jose, CA",3843
55,Clara,28,39000,Finance,"San Francisco, CA",1193
33,Grace,,41000,Finance,"Washington, DC",10757
79,Jonas,25,35000,HR,"Chicago, IL",9174
37,Kevin,31,43000,Sales,"Denver, CO",4165
61,Ilham,33,48000,HR,"Houston, TX",11767
45,Steve,32,44000,IT,"San Antonio, TX",3174
14,Nancy,,36000,HR,"Phoenix, AZ",11090
19,Sara,22,33000,HR,"Houston, TX",850
81,Charlie,28,39000,Finance,"Philadelphia, PA",9340
48,Varun,37,49500,IT,"Fort Worth, TX",7544
41,Oliver,36,50000,IT,"Fort Worth, TX",8919
17,Queen,23,34000,Sales,"San Diego, CA",2563
95,Rafa,41,220000,IT,"Dallas, TX",6429
57,Elena,26,36000,HR,"Charlotte, NC",9116
89,Kevin,31,43000,Sales,"Dallas, TX",11203
14,Nancy,,36000,HR,"New York, NY",7913
36,Julia,27,37000,IT,"New York, NY",2321
15,Oscar,45,870000,Management,"Chicago, IL",5389
72,Tara,27,37500,Finance,"Chicago, IL",11282
47,Usha,24,34500,Sales,"New York, NY",11248
74,Vivi,37,49500,IT,"Phoenix, AZ",2085
48,Varun,37,49500,IT,"Indianapolis, IN",10370
31,Eva,26,36000,HR,"Dallas, TX",5159
65,Milo,29,39000,IT,"Chicago, IL",2780
21,Uma,26,36500,Finance,"Chicago, IL",4249
55,Clara,28,39000,Finance,"Los Angeles, CA",3038
12,Linda,34,55000,Finance,"Los Angeles, CA",9708
28,nick,30,42000,IT,"Charlotte, NC",943
16,Peter,28,41000,Finance,"San Francisco, CA",2567
60,Harry,29,39500,IT,"Denver, CO",8802
59,Gina,,41000,Finance,"Indianapolis, IN",3034
96,Shila,,195000,HR,"Washington, DC",588
36,Julia,27,37000,IT,"Denver, CO",3890
13,Mark,29,39000,IT,"Austin, TX",5737
48,Varun,37,49500,IT,"Philadelphia, PA",7077
9,Ian,33,48000,HR,"Seattle, WA",2441
29,Charlie,28,39000,Finance,"Chicago, IL",3810
90,Linda,34,55000,Finance,"Charlotte, NC",8763
2,nick,30,42000,IT,"Houston, TX",1321
58,Fahim,40,58000,Management,"San Diego, CA",8572
57,Elena,26,36000,HR,"Washington, DC",1315
75,Wali,28,40000,HR,"Phoenix, AZ",9095
65,Milo,29,39000,IT,"San Jose, CA",2198
20,Tom,31,42000,IT,"Washington, DC",11608
14,Nancy,,36000,HR,"San Francisco, CA",7862
40,Nancy,,36000,HR,"Los Angeles, CA",10734
54,Bran,,42000,IT,"New York, NY",6191
44,Rachel,30,41000,HR,"Indianapolis, IN",6229
92,Nancy,,36000,HR,"Columbus, OH",2453
10,Julia,27,37000,IT,"San Diego, CA",5463
40,Nancy,,36000,HR,"Philadelphia, PA",6486
99,Varun,37,49500,IT,"Columbus, OH",8252
77,Yuri,29,38000,IT,"Seattle, WA",11985
2,nick,30,42000,IT,"Charlotte, NC",11945
57,Elena,26,36000,HR,"New York, NY",5491
42,Paul,29,38500,Finance,"Fort Worth, TX",4301
32,Frank,40,58000,Management,"New York, NY",8947
6,Frank,40,58000,Management,"Denver, CO",2431
57,Elena,26,36000,HR,"Phoenix, AZ",1611
6,Frank,40,58000,Management,"Dallas, TX",1372
43,Quinn,25,35000,Sales,"Los Angeles, CA",8454
68,Pari,29,38500,Finance,"Jacksonville, FL",5087
14,Nancy,,36000,HR,"Seattle, WA",6979
50,Xena,31,43000,Finance,"Chicago, IL",2061
79,Jonas,25,35000,HR,"Philadelphia, PA",6026
18,Ron,60,1200000,Management,"Los Angeles, CA",4957
23,Wendy,30,40000,HR,"Seattle, WA",6060
47,Usha,24,34500,Sales,"Jacksonville, FL",8381
4,David,35,52000,IT,"Chicago, IL",9585
3,Charlie,28,39000,Finance,"Los Angeles, CA",8215
56,Duke,35,52000,IT,"San Francisco, CA",3184
97,Tito,39,250000,Sales,"New York, NY",9938
88,Julia,27,37000,IT,"San Jose, CA",1246
31,Eva,26,36000,HR,"San Jose, CA",5743
89,Kevin,31,43000,Sales,"Houston, TX",7326
40,Nancy,,36000,HR,"Philadelphia, PA",4585
17,Queen,23,34000,Sales,"Jacksonville, FL",6617
72,Tara,27,37500,Finance,"Indianapolis, IN",1506
57,Elena,26,36000,HR,"San Francisco, CA",8629
25,Yara,29,39500,Finance,"Indianapolis, IN",11432
42,Paul,29,38500,Finance,"San Antonio, TX",4810
70,Rima,30,41000,HR,"Dallas, TX",9582
43,Quinn,25,35000,Sales,"San Francisco, CA",11183
64,Lara,34,55000,Finance,"Philadelphia, PA",3376
84,Frank,40,58000,Management,"Philadelphia, PA",10323
68,Pari,29,38500,Finance,"Jacksonville, FL",2526
78,Zeena,26,36000,Sales,"Columbus, OH",6056
38,Linda,34,55000,Finance,"Austin, TX",4607
91,Mark,29,39000,IT,"San Diego, CA",5741
30,David,35,52000,IT,"Seattle, WA",6169
42,Paul,29,38500,Finance,"Fort Worth, TX",5899
97,Tito,39,250000,Sales,"Denver, CO",9433
51,Yusuf,29,38000,IT,"Austin, TX",3508
33,Grace,,41000,Finance,"Jacksonville, FL",10668
4,David,35,52000,IT,"San Diego, CA",7995
85,Grace,,41000,Finance,"San Antonio, TX",4162
95,Rafa,41,220000,IT,"Houston, TX",5920
94,Puja,38,185000,Finance,"San Antonio, TX",3411
51,Yusuf,29,38000,IT,"Denver, CO",7397
81,Charlie,28,39000,Finance,"Austin, TX",11776
95,Rafa,41,220000,IT,"Philadelphia, PA",5985
19,Sara,22,33000,HR,"San Francisco, CA",6338
90,Linda,34,55000,Finance,"Austin, TX",1273
80,nick,30,42000,IT,"Charlotte, NC",2644
1,Jonas,25,35000,HR,"San Diego, CA",9684
88,Julia,27,37000,IT,"Austin, TX",10530
94,Puja,38,185000,Finance,"Phoenix, AZ",6480
62,Jasmine,27,37000,IT,"Phoenix, AZ",6897
50,Xena,31,43000,Finance,"San Francisco, CA",11945
71,Sham,32,44000,IT,"Columbus, OH",10567
7,Grace,,41000,Finance,"Charlotte, NC",8641
1,Jonas,25,35000,HR,"Denver, CO",3737
78,Zeena,26,36000,Sales,"Dallas, TX",8695
65,Milo,29,39000,IT,"Dallas, TX",6082
71,Sham,32,44000,IT,"Austin, TX",6788
78,Zeena,26,36000,Sales,"Denver, CO",8856
5,Eva,26,36000,HR,"Seattle, WA",2397
3,Charlie,28,39000,Finance,"Dallas, TX",5933
27,Jonas,25,35000,HR,"Washington, DC",11932
77,Yuri,29,38000,IT,"Philadelphia, PA",3067
83,Eva,26,36000,HR,"San Antonio, TX",8630
69,Qadir,25,35000,Sales,"Fort Worth, TX",6217
8,Helen,29,39500,IT,"Austin, TX",7252
90,Linda,34,55000,Finance,"San Antonio, TX",3059
31,Eva,26,36000,HR,"Phoenix, AZ",10030
35,Ian,33,48000,HR,"San Antonio, TX",5137
17,Queen,23,34000,Sales,"Fort Worth, TX",1112
58,Fahim,40,58000,Management,"Columbus, OH",8246
32,Frank,40,58000,Management,"San Francisco, CA",2384
8,Helen,29,39500,IT,"Austin, TX",4524
6,Frank,40,58000,Management,"San Jose, CA",3634
60,Harry,29,39500,IT,"San Diego, CA",9747
35,Ian,33,48000,HR,"Jacksonville, FL",2122
31,Eva,26,36000,HR,"Indianapolis, IN",3782
39,Mark,29,39000,IT,"San Diego, CA",3110
5,Eva,26,36000,HR,"Dallas, TX",3569
29,Charlie,28,39000,Finance,"Columbus, OH",6986
91,Mark,29,39000,IT,"Seattle, WA",1755
45,Steve,32,44000,IT,"Seattle, WA",3160
46,Tina,27,37500,Finance,"San Jose, CA",9734
78,Zeena,26,36000,Sales,"Austin, TX",4952
35,Ian,33,48000,HR,"Columbus, OH",10134
75,Wali,28,40000,HR,"Houston, TX",7602
25,Yara,29,39500,Finance,"Fort Worth, TX",4676
49,Will,28,40000,HR,"Columbus, OH",4186
60,Harry,29,39500,IT,"San Diego, CA",10596
38,Linda,34,55000,Finance,"Jacksonville, FL",11405
96,Shila,,195000,HR,"Jacksonville, FL",5737
52,Zara,26,36000,Sales,"Houston, TX",10569
69,Qadir,25,35000,Sales,"Chicago, IL",8161
18,Ron,60,1200000,Management,"Phoenix, AZ",1290
77,Yuri,29,38000,IT,"Washington, DC",8916
90,Linda,34,55000,Finance,"Seattle, WA",3534
56,Duke,35,52000,IT,"Washington, DC",725
2,nick,30,42000,IT,"Jacksonville, FL",5848
62,Jasmine,27,37000,IT,"Dallas, TX",6966
74,Vivi,37,49500,IT,"New York, NY",3679
22,Victor,27,38000,Sales,"Seattle, WA",9503
92,Nancy,,36000,HR,"Denver, CO",11184
6,Frank,40,58000,Management,"Washington, DC",4723
12,Linda,34,55000,Finance,"Charlotte, NC",8020
82,David,35,52000,IT,"Columbus, OH",4566
17,Queen,23,34000,Sales,"Charlotte, NC",4862
11,Kevin,31,43000,Sales,"Charlotte, NC",5523
80,nick,30,42000,IT,"Seattle, WA",4809
3,Charlie,28,39000,Finance,"Seattle, WA",746
72,Tara,27,37500,Finance,"Dallas, TX",6237
9,Ian,33,48000,HR,"Fort Worth, TX",2118
1,Jonas,25,35000,HR,"Fort Worth, TX",10519
32,Frank,40,58000,Management,"Jacksonville, FL",9112
30,David,35,52000,IT,"Philadelphia, PA",5660
40,Nancy,,36000,HR,"Los Angeles, CA",11456
77,Yuri,29,38000,IT,"Houston, TX",1871
55,Clara,28,39000,Finance,"Chicago, IL",8228
22,Victor,27,38000,Sales,"Houston, TX",4738
95,Rafa,41,220000,IT,"San Jose, CA",10880
93,Ovi,42,200000,IT,"Dallas, TX",3112
43,Quinn,25,35000,Sales,"Houston, TX",2580
16,Peter,28,41000,Finance,"Houston, TX",6419
24,Xavier,55,950000,Management,"Phoenix, AZ",4824
33,Grace,,41000,Finance,"Seattle, WA",8297
87,Ian,33,48000,HR,"Denver, CO",3235
36,Julia,27,37000,IT,"Dallas, TX",6583
80,nick,30,42000,IT,"Washington, DC",7852
62,Jasmine,27,37000,IT,"Phoenix, AZ",9521
25,Yara,29,39500,Finance,"San Jose, CA",3558
59,Gina,,41000,Finance,"Denver, CO",9541
95,Rafa,41,220000,IT,"Washington, DC",5834
34,Helen,29,39500,IT,"Washington, DC",11472
48,Varun,37,49500,IT,"San Antonio, TX",1653
48,Varun,37,49500,IT,"Phoenix, AZ",5440
94,Puja,38,185000,Finance,"Chicago, IL",11374
27,Jonas,25,35000,HR,"Columbus, OH",3579
80,nick,30,42000,IT,"Chicago, IL",902
51,Yusuf,29,38000,IT,"San Antonio, TX",3475
42,Paul,29,38500,Finance,"Phoenix, AZ",10294
80,nick,30,42000,IT,"Seattle, WA",8036
33,Grace,,41000,Finance,"San Diego, CA",6419
40,Nancy,,36000,HR,"Fort Worth, TX",7260
24,Xavier,55,950000,Management,"Chicago, IL",1480
51,Yusuf,29,38000,IT,"Houston, TX",7180
56,Duke,35,52000,IT,"San Francisco, CA",10986
32,Frank,40,58000,Management,"Phoenix, AZ",2884
84,Frank,40,58000,Management,"Chicago, IL",9490
51,Yusuf,29,38000,IT,"Denver, CO",11287
71,Sham,32,44000,IT,"Denver, CO",1866
4,David,35,52000,IT,"Jacksonville, FL",3438
10,Julia,27,37000,IT,"San Antonio, TX",1762
23,Wendy,30,40000,HR,"Austin, TX",8159
24,Xavier,55,950000,Management,"Houston, TX",11468
46,Tina,27,37500,Finance,"Los Angeles, CA",11940
12,Linda,34,55000,Finance,"Chicago, IL",6687
31,Eva,26,36000,HR,"San Antonio, TX",8995
32,Frank,40,58000,Management,"San Francisco, CA",10385
99,Varun,37,49500,IT,"Phoenix, AZ",2816
97,Tito,39,250000,Sales,"San Antonio, TX",8409
52,Zara,26,36000,Sales,"Charlotte, NC",1421
92,Nancy,,36000,HR,"Houston, TX",7614
45,Steve,32,44000,IT,"Fort Worth, TX",7074
8,Helen,29,39500,IT,"San Diego, CA",9112
70,Rima,30,41000,HR,"Dallas, TX",10870
1,Jonas,25,35000,HR,"New York, NY",6029
13,Mark,29,39000,IT,"Los Angeles, CA",4309
90,Linda,34,55000,Finance,"Jacksonville, FL",1666
23,Wendy,30,40000,HR,"Fort Worth, TX",9231
25,Yara,29,39500,Finance,"San Francisco, CA",6768
33,Grace,,41000,Finance,"Fort Worth, TX",5831
90,Linda,34,55000,Finance,"Dallas, TX",5529
42,Paul,29,38500,Finance,"Indianapolis, IN",1960
89,Kevin,31,43000,Sales,"Jacksonville, FL",5187
69,Qadir,25,35000,Sales,"Jacksonville, FL",5857
17,Queen,23,34000,Sales,"Philadelphia, PA",5239
64,Lara,34,55000,Finance,"San Francisco, CA",827
18,Ron,60,1200000,Management,"San Jose, CA",11551
12,Linda,34,55000,Finance,"Chicago, IL",5738
38,Linda,34,55000,Finance,"Fort Worth, TX",10785
89,Kevin,31,43000,Sales,"San Francisco, CA",10823
100,Wendy,30,40000,HR,"San Francisco, CA",11533
35,Ian,33,48000,HR,"Charlotte, NC",9043
68,Pari,29,38500,Finance,"Philadelphia, PA",5632
57,Elena,26,36000,HR,"New York, NY",5232
49,Will,28,40000,HR,"Los Angeles, CA",4408
74,Vivi,37,49500,IT,"San Jose, CA",5791
65,Milo,29,39000,IT,"Indianapolis, IN",8925
9,Ian,33,48000,HR,"Austin, TX",3622
42,Paul,29,38500,Finance,"San Jose, CA",5376
63,Kamran,31,43000,Sales,"Seattle, WA",3228
26,Zack,32,45000,IT,"Phoenix, AZ",9624
72,Tara,27,37500,Finance,"Jacksonville, FL",8495
35,Ian,33,48000,HR,"Fort Worth, TX",2323
99,Varun,37,49500,IT,"Fort Worth, TX",4000
12,Linda,34,55000,Finance,"Philadelphia, PA",4573
13,Mark,29,39000,IT,"Dallas, TX",9552
88,Julia,27,37000,IT,"Austin, TX",1730
94,Puja,38,185000,Finance,"Los Angeles, CA",10887
48,Varun,37,49500,IT,"Phoenix, AZ",4895
65,Milo,29,39000,IT,"New York, NY",6551
62,Jasmine,27,37000,IT,"New York, NY",1976
86,Helen,29,39500,IT,"Denver, CO",2523
50,Xena,31,43000,Finance,"Indianapolis, IN",3096
70,Rima,30,41000,HR,"Philadelphia, PA",8340
60,Harry,29,39500,IT,"Los Angeles, CA",7621
78,Zeena,26,36000,Sales,"Charlotte, NC",2930
2,nick,30,42000,IT,"Washington, DC",8454
29,Charlie,28,39000,Finance,"San Antonio, TX",7443
53,Amy,25,35000,HR,"San Jose, CA",1033
53,Amy,25,35000,HR,"Los Angeles, CA",1756
49,Will,28,40000,HR,"Denver, CO",2157
28,nick,30,42000,IT,"Dallas, TX",9844
75,Wali,28,40000,HR,"Charlotte, NC",2252
36,Julia,27,37000,IT,"Los Angeles, CA",10375
28,nick,30,42000,IT,"Charlotte, NC",7213
28,nick,30,42000,IT,"Indianapolis, IN",3478
40,Nancy,,36000,HR,"Austin, TX",4832
35,Ian,33,48000,HR,"Phoenix, AZ",4153
48,Varun,37,49500,IT,"Houston, TX",3513
43,Quinn,25,35000,Sales,"San Francisco, CA",9392
4,David,35,52000,IT,"Chicago, IL",8152
62,Jasmine,27,37000,IT,"San Diego, CA",7600
22,Victor,27,38000,Sales,"Seattle, WA",11756
63,Kamran,31,43000,Sales,"San Francisco, CA",5366
33,Grace,,41000,Finance,"Indianapolis, IN",2264
97,Tito,39,250000,Sales,"Austin, TX",1622
2,nick,30,42000,IT,"Indianapolis, IN",4330
13,Mark,29,39000,IT,"Phoenix, AZ",7200
37,Kevin,31,43000,Sales,"Denver, CO",3458
32,Frank,40,58000,Management,"San Jose, CA",11012
63,Kamran,31,43000,Sales,"Indianapolis, IN",10114
59,Gina,,41000,Finance,"San Jose, CA",2040
71,Sham,32,44000,IT,"Houston, TX",9214
30,David,35,52000,IT,"Los Angeles, CA",11699
8,Helen,29,39500,IT,"Dallas, TX",5967
61,Ilham,33,48000,HR,"San Diego, CA",7553
24,Xavier,55,950000,Management,"Los Angeles, CA",6170
64,Lara,34,55000,Finance,"San Diego, CA",11190
86,Helen,29,39500,IT,"Indianapolis, IN",10781
19,Sara,22,33000,HR,"Denver, CO",2238
86,Helen,29,39500,IT,"Philadelphia, PA",4689
94,Puja,38,185000,Finance,"Phoenix, AZ",3033
15,Oscar,45,870000,Management,"San Francisco, CA",11256
29,Charlie,28,39000,Finance,"Chicago, IL",5769
99,Varun,37,49500,IT,"San Francisco, CA",11456
84,Frank,40,58000,Management,"Philadelphia, PA",9190
92,Nancy,,36000,HR,"Charlotte, NC",2918
50,Xena,31,43000,Finance,"Columbus, OH",5576
80,nick,30,42000,IT,"Seattle, WA",11438
27,Jonas,25,35000,HR,"Jacksonville, FL",984
5,Eva,26,36000,HR,"New York, NY",1164
54,Bran,,42000,IT,"Columbus, OH",3954
76,Xiya,31,43000,Finance,"Jacksonville, FL",1127
62,Jasmine,27,37000,IT,"Indianapolis, IN",10376
81,Charlie,28,39000,Finance,"San Jose, CA",9423
73,Umar,24,34500,Sales,"San Jose, CA",4787
85,Grace,,41000,Finance,"Indianapolis, IN",9936
32,Frank,40,58000,Management,"Chicago, IL",5666
65,Milo,29,39000,IT,"San Francisco, CA",10866
17,Queen,23,34000,Sales,"Chicago, IL",4374
9,Ian,33,48000,HR,"Jacksonville, FL",11466
27,Jonas,25,35000,HR,"Fort Worth, TX",11770
44,Rachel,30,41000,HR,"Fort Worth, TX",9831
78,Zeena,26,36000,Sales,"Indianapolis, IN",11809
19,Sara,22,33000,HR,"Philadelphia, PA",11132
43,Quinn,25,35000,Sales,"Philadelphia, PA",11894
83,Eva,26,36000,HR,"Charlotte, NC",11890
92,Nancy,,36000,HR,"Philadelphia, PA",5040
16,Peter,28,41000,Finance,"San Antonio, TX",10736
33,Grace,,41000,Finance,"San Francisco, CA",7976
76,Xiya,31,43000,Finance,"Columbus, OH",1207
34,Helen,29,39500,IT,"Indianapolis, IN",9124
60,Harry,29,39500,IT,"Austin, TX",9164
21,Uma,26,36500,Finance,"San Antonio, TX",547
34,Helen,29,39500,IT,"Philadelphia, PA",2414
92,Nancy,,36000,HR,"San Francisco, CA",1605
34,Helen,29,39500,IT,"San Diego, CA",3680
39,Mark,29,39000,IT,"San Francisco, CA",10582
79,Jonas,25,35000,HR,"Philadelphia, PA",9049
25,Yara,29,39500,Finance,"Philadelphia, PA",1067
77,Yuri,29,38000,IT,"Fort Worth, TX",9171
28,nick,30,42000,IT,"New York, NY",1366
86,Helen,29,39500,IT,"Los Angeles, CA",11952
47,Usha,24,34500,Sales,"San Jose, CA",1528
52,Zara,26,36000,Sales,"Washington, DC",2313
81,Charlie,28,39000,Finance,"Charlotte, NC",4228
12,Linda,34,55000,Finance,"New York, NY",6013
84,Frank,40,58000,Management,"San Diego, CA",4026
5,Eva,26,36000,HR,"Charlotte, NC",5303
88,Julia,27,37000,IT,"Fort Worth, TX",7069
42,Paul,29,38500,Finance,"Denver, CO",1550
97,Tito,39,250000,Sales,"Chicago, IL",8818
33,Grace,,41000,Finance,"Washington, DC",6778
49,Will,28,40000,HR,"Charlotte, NC",11070
59,Gina,,41000,Finance,"Chicago, IL",2152
99,Varun,37,49500,IT,"Washington, DC",8699
32,Frank,40,58000,Management,"Washington, DC",5208
1,Jonas,25,35000,HR,"Jacksonville, FL",9976
60,Harry,29,39500,IT,"Chicago, IL",5818
62,Jasmine,27,37000,IT,"Columbus, OH",6359
48,Varun,37,49500,IT,"Denver, CO",7115
79,Jonas,25,35000,HR,"Washington, DC",8870
78,Zeena,26,36000,Sales,"Philadelphia, PA",7093
35,Ian,33,48000,HR,"Washington, DC",4095
61,Ilham,33,48000,HR,"Seattle, WA",5410
36,Julia,27,37000,IT,"Jacksonville, FL",3754
2,nick,30,42000,IT,"Dallas, TX",4953
78,Zeena,26,36000,Sales,"San Diego, CA",2923
84,Frank,40,58000,Management,"Phoenix, AZ",8608
36,Julia,27,37000,IT,"San Diego, CA",5297
41,Oliver,36,50000,IT,"Columbus, OH",7481
33,Grace,,41000,Finance,"Denver, CO",10442
44,Rachel,30,41000,HR,"San Jose, CA",8437
24,Xavier,55,950000,Management,"Philadelphia, PA",7181
44,Rachel,30,41000,HR,"San Jose, CA",5377
29,Charlie,28,39000,Finance,"Seattle, WA",4677
90,Linda,34,55000,Finance,"New York, NY",3929
33,Grace,,41000,Finance,"Houston, TX",684
24,Xavier,55,950000,Management,"Dallas, TX",11027
2,nick,30,42000,IT,"New York, NY",3633
50,Xena,31,43000,Finance,"New York, NY",5478
37,Kevin,31,43000,Sales,"Jacksonville, FL",9198
90,Linda,34,55000,Finance,"New York, NY",6637
32,Frank,40,58000,Management,"Columbus, OH",2432
78,Zeena,26,36000,Sales,"Philadelphia, PA",6674
40,Nancy,,36000,HR,"Houston, TX",5912
22,Victor,27,38000,Sales,"San Francisco, CA",1696
13,Mark,29,39000,IT,"Dallas, TX",5747
34,Helen,29,39500,IT,"Philadelphia, PA",4681
40,Nancy,,36000,HR,"Austin, TX",1838
30,David,35,52000,IT,"Austin, TX",6671
11,Kevin,31,43000,Sales,"Indianapolis, IN",3120
62,Jasmine,27,37000,IT,"Fort Worth, TX",7046
46,Tina,27,37500,Finance,"Indianapolis, IN",9374
71,Sham,32,44000,IT,"San Antonio, TX",6431
14,Nancy,,36000,HR,"San Antonio, TX",10852
3,Charlie,28,39000,Finance,"Denver, CO",2229
44,Rachel,30,41000,HR,"Houston, TX",10109
65,Milo,29,39000,IT,"Jacksonville, FL",518
17,Queen,23,34000,Sales,"Indianapolis, IN",6471
61,Ilham,33,48000,HR,"Charlotte, NC",11344
70,Rima,30,41000,HR,"San Antonio, TX",964
41,Oliver,36,50000,IT,"Indianapolis, IN",9382
83,Eva,26,36000,HR,"Columbus, OH",9702
38,Linda,34,55000,Finance,"Indianapolis, IN",5810
26,Zack,32,45000,IT,"Seattle, WA",8579
30,David,35,52000,IT,"Houston, TX",11753
47,Usha,24,34500,Sales,"Los Angeles, CA",4520
69,Qadir,25,35000,Sales,"Dallas, TX",662
48,Varun,37,49500,IT,"Fort Worth, TX",10327
1,Jonas,25,35000,HR,"Houston, TX",11438
11,Kevin,31,43000,Sales,"Jacksonville, FL",794
71,Sham,32,44000,IT,"Indianapolis, IN",9270
21,Uma,26,36500,Finance,"Houston, TX",7740
81,Charlie,28,39000,Finance,"Chicago, IL",7344
65,Milo,29,39000,IT,"Charlotte, NC",2085
5,Eva,26,36000,HR,"Phoenix, AZ",3880
65,Milo,29,39000,IT,"Chicago, IL",11041
59,Gina,,41000,Finance,"Seattle, WA",5927
10,Julia,27,37000,IT,"Chicago, IL",10863
91,Mark,29,39000,IT,"San Antonio, TX",7312
91,Mark,29,39000,IT,"San Francisco, CA",694
75,Wali,28,40000,HR,"Chicago, IL",9533
59,Gina,,41000,Finance,"Houston, TX",6843
25,Yara,29,39500,Finance,"Chicago, IL",3431
8,Helen,29,39500,IT,"Columbus, OH",7541
45,Steve,32,44000,IT,"Phoenix, AZ",6199
62,Jasmine,27,37000,IT,"Houston, TX",9137
76,Xiya,31,43000,Finance,"San Antonio, TX",8771
68,Pari,29,38500,Finance,"Denver, CO",5340
73,Umar,24,34500,Sales,"Jacksonville, FL",11437
10,Julia,27,37000,IT,"Austin, TX",8136
40,Nancy,,36000,HR,"Phoenix, AZ",2360
92,Nancy,,36000,HR,"San Antonio, TX",6061
44,Rachel,30,41000,HR,"New York, NY",1430
37,Kevin,31,43000,Sales,"Washington, DC",2434
77,Yuri,29,38000,IT,"San Francisco, CA",4867
22,Victor,27,38000,Sales,"Seattle, WA",2671
36,Julia,27,37000,IT,"San Francisco, CA",3794
86,Helen,29,39500,IT,"Denver, CO",5247
65,Milo,29,39000,IT,"San Jose, CA",4892
66,Nina,,36000,HR,"Houston, TX",5738
81,Charlie,28,39000,Finance,"Los Angeles, CA",3334
31,Eva,26,36000,HR,"Chicago, IL",10346
73,Umar,24,34500,Sales,"San Jose, CA",7616
57,Elena,26,36000,HR,"Seattle, WA",3428
77,Yuri,29,38000,IT,"San Francisco, CA",7925
48,Varun,37,49500,IT,"Houston, TX",6250
62,Jasmine,27,37000,IT,"Los Angeles, CA",6994
100,Wendy,30,40000,HR,"Los Angeles, CA",2172
17,Queen,23,34000,Sales,"Dallas, TX",8690
50,Xena,31,43000,Finance,"Washington, DC",7944
18,Ron,60,1200000,Management,"San Jose, CA",4850
45,Steve,32,44000,IT,"Seattle, WA",1787
33,Grace,,41000,Finance,"Dallas, TX",11418
67,Olga,36,50000,IT,"New York, NY",7110
87,Ian,33,48000,HR,"Fort Worth, TX",9750
56,Duke,35,52000,IT,"Phoenix, AZ",9293
80,nick,30,42000,IT,"Fort Worth, TX",11966
39,Mark,29,39000,IT,"Jacksonville, FL",7383
63,Kamran,31,43000,Sales,"Jacksonville, FL",11670
10,Julia,27,37000,IT,"San Jose, CA",5687
39,Mark,29,39000,IT,"San Jose, CA",630
37,Kevin,31,43000,Sales,"Denver, CO",8544
63,Kamran,31,43000,Sales,"San Francisco, CA",8802
43,Quinn,25,35000,Sales,"Columbus, OH",11263
85,Grace,,41000,Finance,"New York, NY",3234
22,Victor,27,38000,Sales,"Indianapolis, IN",9522
70,Rima,30,41000,HR,"New York, NY",9357
3,Charlie,28,39000,Finance,"Austin, TX",1566
28,nick,30,42000,IT,"Seattle, WA",5470
32,Frank,40,58000,Management,"New York, NY",4288
53,Amy,25,35000,HR,"Columbus, OH",1817
94,Puja,38,185000,Finance,"Indianapolis, IN",784
68,Pari,29,38500,Finance,"Washington, DC",7466
54,Bran,,42000,IT,"San Jose, CA",8294
66,Nina,,36000,HR,"Denver, CO",4614
40,Nancy,,36000,HR,"Washington, DC",547
30,David,35,52000,IT,"Fort Worth, TX",10460
54,Bran,,42000,IT,"Dallas, TX",6638
14,Nancy,,36000,HR,"San Antonio, TX",5361
94,Puja,38,185000,Finance,"Los Angeles, CA",3759
81,Charlie,28,39000,Finance,"Los Angeles, CA",10770
25,Yara,29,39500,Finance,"New York, NY",10998
6,Frank,40,58000,Management,"Denver, CO",8342
13,Mark,29,39000,IT,"San Diego, CA",3915
69,Qadir,25,35000,Sales,"Washington, DC",11834
75,Wali,28,40000,HR,"Philadelphia, PA",6950
46,Tina,27,37500,Finance,"Seattle, WA",9259
18,Ron,60,1200000,Management,"Houston, TX",6664
73,Umar,24,34500,Sales,"Fort Worth, TX",8287
71,Sham,32,44000,IT,"San Antonio, TX",4565
43,Quinn,25,35000,Sales,"New York, NY",581
25,Yara,29,39500,Finance,"Fort Worth, TX",3505
82,David,35,52000,IT,"Seattle, WA",8908
93,Ovi,42,200000,IT,"Columbus, OH",834
29,Charlie,28,39000,Finance,"Los Angeles, CA",9250
1,Jonas,25,35000,HR,"Indianapolis, IN",11603
87,Ian,33,48000,HR,"Seattle, WA",9565
87,Ian,33,48000,HR,"New York, NY",9444
62,Jasmine,27,37000,IT,"Dallas, TX",9285
32,Frank,40,58000,Management,"San Diego, CA",11443
36,Julia,27,37000,IT,"San Antonio, TX",7568
39,Mark,29,39000,IT,"Jacksonville, FL",10370
59,Gina,,41000,Finance,"Columbus, OH",4397
22,Victor,27,38000,Sales,"San Diego, CA",8458
93,Ovi,42,200000,IT,"San Antonio, TX",8601
16,Peter,28,41000,Finance,"Indianapolis, IN",5148
10,Julia,27,37000,IT,"Jacksonville, FL",10174
31,Eva,26,36000,HR,"Los Angeles, CA",1282
80,nick,30,42000,IT,"Philadelphia, PA",10826
29,Charlie,28,39000,Finance,"Indianapolis, IN",4086
70,Rima,30,41000,HR,"Charlotte, NC",4294
4,David,35,52000,IT,"Indianapolis, IN",9675
32,Frank,40,58000,Management,"San Antonio, TX",6097
45,Steve,32,44000,IT,"Seattle, WA",7550
8,Helen,29,39500,IT,"New York, NY",5551
17,Queen,23,34000,Sales,"San Antonio, TX",1242
68,Pari,29,38500,Finance,"Philadelphia, PA",5044
7,Grace,,41000,Finance,"Chicago, IL",4855
22,Victor,27,38000,Sales,"Los Angeles, CA",4108
31,Eva,26,36000,HR,"Dallas, TX",3771
58,Fahim,40,58000,Management,"Philadelphia, PA",3010
7,Grace,,41000,Finance,"Charlotte, NC",8785
75,Wali,28,40000,HR,"Austin, TX",6555
58,Fahim,40,58000,Management,"San Diego, CA",1875
71,Sham,32,44000,IT,"Philadelphia, PA",9823
44,Rachel,30,41000,HR,"Austin, TX",3016
78,Zeena,26,36000,Sales,"San Jose, CA",6738
48,Varun,37,49500,IT,"Indianapolis, IN",590
37,Kevin,31,43000,Sales,"Washington, DC",1979
70,Rima,30,41000,HR,"Houston, TX",1454
39,Mark,29,39000,IT,"Indianapolis, IN",11123
97,Tito,39,250000,Sales,"Phoenix, AZ",8714
36,Julia,27,37000,IT,"Los Angeles, CA",10417
44,Rachel,30,41000,HR,"Chicago, IL",3805
38,Linda,34,55000,Finance,"Columbus, OH",2221
37,Kevin,31,43000,Sales,"Seattle, WA",10132
97,Tito,39,250000,Sales,"Los Angeles, CA",5952
21,Uma,26,36500,Finance,"San Antonio, TX",10842
